courier_id,vehicle,on_lat,on_lng,on_time,off_time
1,bicycle,7.099762838832454,-73.13331216573715,00:00:00,22:07:00
2,motorcycle,7.0912182938043244,-73.10538500547409,00:00:00,23:55:00
3,bicycle,7.118570469834758,-73.11583489179611,00:00:00,23:44:00
4,motorcycle,7.113356548409989,-73.10941904783249,00:00:00,23:55:00
5,motorcycle,7.049920081955214,-73.16768735647202,00:00:00,23:55:00
6,motorcycle,7.083857463557607,-73.11993330717087,00:00:00,18:55:01
7,motorcycle,7.071652781175395,-73.10716062784195,00:00:00,22:59:00
8,motorcycle,7.072532329417676,-73.10503095388412,00:00:00,23:23:00
9,bicycle,6.972938065624938,-73.0560913681984,00:00:00,05:14:00
10,motorcycle,7.104188461976669,-73.12309294939041,00:00:00,23:05:00
11,motorcycle,7.118930400239385,-73.11428993940353,00:00:00,23:20:00
12,motorcycle,6.982111221500581,-73.05020660161972,00:00:00,23:55:00
13,bicycle,7.096634992921835,-73.11946660280228,00:00:00,20:08:01
14,motorcycle,7.101866657394716,-73.13934177160263,00:00:00,20:33:01
15,bicycle,7.129439354166003,-73.10773998498917,00:00:00,02:13:00
16,motorcycle,7.073148266659402,-73.10211807489395,00:00:00,23:55:00
17,bicycle,7.097058291355445,-73.11406999826431,00:00:00,23:55:00
18,motorcycle,7.073079829188096,-73.10220390558243,00:00:00,23:55:00
19,motorcycle,7.082275797554182,-73.12295347452164,00:00:00,06:13:00
20,bicycle,7.143856848120315,-73.12369376420975,00:00:00,00:05:00
21,motorcycle,7.1293734514158515,-73.12013179063797,00:00:00,00:05:00
22,motorcycle,7.126055501418286,-73.11275571584702,00:00:00,23:55:00
23,motorcycle,6.9814674023261105,-73.05361837148666,00:00:00,21:50:00
24,motorcycle,7.129188416771221,-73.12464863061905,00:00:00,23:55:00
25,motorcycle,7.103161899907128,-73.13954025506973,00:00:00,21:56:00
26,motorcycle,7.078167014554893,-73.08931857347488,00:00:00,23:42:00
27,motorcycle,7.07313052361129,-73.10219317674637,00:00:00,23:50:00
28,motorcycle,7.109141307122009,-73.13427239656448,00:00:00,23:55:00
29,motorcycle,7.084093192625424,-73.08846563100815,00:00:00,10:52:01
30,motorcycle,7.074491668873854,-73.11301320791245,00:00:00,17:32:01
31,motorcycle,7.073117850005488,-73.10206979513168,00:00:00,23:55:00
32,motorcycle,7.068638997716938,-73.10480564832687,00:00:00,23:55:00
33,bicycle,7.125006126858317,-73.11573833227158,00:00:00,21:21:01
34,walking,7.133208484529938,-73.1292673945427,00:00:00,16:45:01
35,motorcycle,7.0840627759715105,-73.1090059876442,00:00:00,23:55:00
36,motorcycle,7.116078838935124,-73.11881750822067,00:00:00,23:55:00
37,motorcycle,7.06863139355346,-73.10458034276962,00:00:00,23:55:00
38,motorcycle,7.072471496109863,-73.1042155623436,00:00:00,22:46:00
39,motorcycle,7.106378461058334,-73.11453133821487,00:00:00,02:13:00
40,motorcycle,7.113321062313766,-73.10919374227524,00:00:00,23:11:00
41,motorcycle,7.0929596472407965,-73.11550229787827,00:00:00,22:30:00
42,motorcycle,7.081586353398841,-73.09762805700302,00:00:00,00:37:00
43,motorcycle,7.125006126858317,-73.11340481042862,00:00:00,23:55:00
44,motorcycle,6.978737507637497,-73.04951459169388,00:00:00,20:50:01
45,motorcycle,7.132759838884731,-73.1051167845726,00:00:00,22:14:00
46,motorcycle,7.107149016290769,-73.1381294131279,00:00:00,23:01:00
47,motorcycle,7.093502077568893,-73.10589998960495,00:00:00,23:55:00
48,motorcycle,7.12462845340557,-73.11283618211746,00:00:00,23:55:00
49,motorcycle,7.133259178953125,-73.11785727739334,00:00:00,23:55:00
50,motorcycle,7.119133177932127,-73.11483174562454,00:00:00,21:37:01
51,walking,7.13685341355707,-73.12584489583969,00:00:00,21:35:00
52,motorcycle,7.093669369165404,-73.12493294477463,00:00:00,23:55:00
53,motorcycle,7.124889529684985,-73.11360329389572,00:00:00,23:55:00
54,motorcycle,7.073764203901121,-73.12298029661179,00:00:00,22:47:00
55,motorcycle,7.089654370849011,-73.1049719452858,00:00:00,23:55:00
56,motorcycle,7.072468961388701,-73.1042692065239,00:00:00,23:55:00
57,motorcycle,7.078990798931677,-73.11618894338608,00:00:00,23:55:00
58,motorcycle,7.100246970573899,-73.13184231519699,00:00:00,09:08:01
59,motorcycle,7.116279081906711,-73.11182767152786,00:04:00,23:55:00
60,motorcycle,7.1208314411088836,-73.11924129724503,00:04:00,22:00:00
61,motorcycle,7.082610380747212,-73.11521261930466,00:36:00,23:55:00
62,motorcycle,7.059955043025042,-73.09482246637344,01:21:00,16:35:01
63,bicycle,7.116872206657995,-73.137067258358,05:12:00,19:23:01
64,motorcycle,7.113926860670851,-73.12969118356705,06:13:00,11:20:01
65,motorcycle,7.116912762196542,-73.10971409082413,06:13:00,20:37:01
66,motorcycle,7.0997476305055045,-73.09369593858719,06:13:00,23:55:00
67,walking,7.10295405277207,-73.10810476541519,06:13:00,21:44:01
68,motorcycle,7.091446418708664,-73.10582488775253,06:13:00,19:36:02
69,motorcycle,7.1529488929188645,-73.13080161809921,06:50:00,16:09:01
70,motorcycle,7.080326596982651,-73.09407144784927,06:50:00,19:41:02
71,motorcycle,7.120666684233534,-73.13948661088943,06:50:00,19:53:01
72,motorcycle,7.075728612799608,-73.09714525938034,06:50:00,21:02:01
73,motorcycle,7.084952463098439,-73.10882896184921,06:50:00,21:01:01
74,motorcycle,6.997502048380092,-73.06290417909622,06:50:00,21:56:00
75,motorcycle,7.0871652746705465,-73.09042364358902,06:50:00,23:55:00
76,motorcycle,7.132630568105604,-73.12759906053543,06:50:00,20:43:01
77,motorcycle,7.102340650251513,-73.13942223787308,06:50:00,20:06:01
78,walking,7.089819127724375,-73.10589998960495,06:50:00,22:26:00
79,motorcycle,7.134683692244671,-73.12301248311996,06:50:00,21:10:01
80,motorcycle,7.1207376564259945,-73.11598509550095,06:50:00,16:18:01
81,motorcycle,7.1297714026378785,-73.12763661146164,06:50:00,21:58:00
82,motorcycle,7.077028924754352,-73.08119148015976,06:50:00,21:32:01
83,motorcycle,7.112902833322472,-73.12297493219376,06:50:00,09:06:00
84,motorcycle,7.050548692802735,-73.08150798082352,06:50:00,19:22:01
85,motorcycle,7.095689541929403,-73.13502341508865,06:50:00,15:34:02
86,motorcycle,7.119637587442831,-73.11224609613419,06:50:00,21:49:01
87,motorcycle,7.081776457485795,-73.12395125627518,06:50:00,19:43:01
88,motorcycle,7.073835176093581,-73.08309584856033,06:54:00,19:56:01
89,motorcycle,7.140209384372035,-73.12590390443802,06:57:00,20:05:01
90,motorcycle,7.108712939246082,-73.13263088464737,06:57:00,21:33:00
91,motorcycle,7.060292160939234,-73.16036492586136,06:59:00,20:21:01
92,motorcycle,7.113655645506796,-73.12182694673538,06:59:00,20:35:02
93,motorcycle,7.101217768777921,-73.1433168053627,06:59:00,22:17:00
94,motorcycle,7.119394254211535,-73.1243696808815,07:16:00,21:41:00
95,motorcycle,7.100097422025492,-73.1068816781044,07:16:00,22:15:00
96,motorcycle,7.113724082978102,-73.12182694673538,07:16:00,19:35:02
97,motorcycle,7.0986171448684345,-73.10664564371109,07:16:00,19:37:01
98,motorcycle,7.11695585245625,-73.10881286859512,07:16:00,21:28:01
99,motorcycle,7.0578208078088736,-73.08871239423752,07:16:00,21:33:00
100,motorcycle,7.103453392840457,-73.10267597436905,07:16:00,21:11:01
101,motorcycle,7.092176418402559,-73.10524016618729,07:16:00,18:13:01
102,car,7.115435019760653,-73.12450379133224,07:16:00,17:39:01
103,motorcycle,7.121837725409144,-73.11563104391098,07:16:00,23:42:00
104,motorcycle,7.150634692500397,-73.1306192278862,07:16:00,18:45:01
105,motorcycle,7.124298939654857,-73.1199386715889,07:16:00,14:22:02
106,motorcycle,7.080922256455089,-73.11858147382736,07:16:00,17:32:01
107,motorcycle,7.072291530907542,-73.10508996248245,07:16:00,21:28:01
108,motorcycle,7.0988503392150974,-73.12450379133224,07:16:00,15:11:01
109,motorcycle,7.0705273649806415,-73.09976309537888,07:16:00,21:40:00
110,motorcycle,7.074648821585733,-73.12576442956924,07:16:00,22:21:00
111,motorcycle,7.130623068947408,-73.11573296785355,07:20:00,15:25:01
112,motorcycle,7.06708774836742,-73.09851318597794,07:20:00,16:16:01
113,motorcycle,6.987170524934619,-73.05560320615768,07:21:00,18:39:01
114,motorcycle,7.113724082978102,-73.12209516763687,07:21:00,19:30:02
115,motorcycle,7.062345285078301,-73.08935612440109,07:21:00,11:42:01
116,motorcycle,7.021399399470333,-73.05785089731216,07:23:00,18:46:02
117,motorcycle,7.109488563920841,-73.11611920595169,07:25:00,19:28:01
118,motorcycle,7.09947134589914,-73.10705870389938,07:28:00,22:40:00
119,motorcycle,7.113658180227951,-73.12189668416977,07:28:00,19:15:02
120,motorcycle,7.1338497689832465,-73.11371058225632,07:28:00,18:18:01
121,motorcycle,7.126983209362599,-73.12462717294693,07:29:00,21:53:00
122,motorcycle,7.103022490243369,-73.11920374631882,07:32:00,22:40:00
123,motorcycle,7.081687742245215,-73.11585634946823,07:32:00,22:52:00
124,motorcycle,7.177337979914029,-73.13683122396469,07:32:00,19:24:02
125,motorcycle,7.121817447639863,-73.11262160539627,07:32:00,21:48:00
126,motorcycle,7.11954126803878,-73.11220318078995,07:42:00,21:03:01
127,motorcycle,7.0837763524805055,-73.12369912862778,07:42:00,20:35:02
128,motorcycle,7.123855363451973,-73.11984211206436,07:42:00,16:08:01
129,motorcycle,7.1311984506505794,-73.10161381959915,07:42:00,21:28:01
130,motorcycle,7.1374693507987885,-73.12752932310104,07:42:00,22:06:00
131,motorcycle,7.119493108336755,-73.11209589242935,07:42:00,15:17:00
132,motorcycle,7.1270643204397,-73.12431067228317,07:42:00,18:39:01
133,motorcycle,7.130797964707405,-73.1018391251564,07:42:00,20:03:01
134,motorcycle,7.095917666833742,-73.1295570731163,07:42:00,20:27:02
135,motorcycle,7.086967566420121,-73.11057776212692,07:42:00,21:56:00
136,motorcycle,7.0988503392150974,-73.11027199029922,07:42:00,20:20:01
137,motorcycle,7.07702639003319,-73.09388369321823,07:42:00,22:26:00
138,motorcycle,7.103980614841596,-73.12875777482986,07:42:00,21:05:01
139,motorcycle,7.089978815157416,-73.14325779676437,07:42:00,20:52:02
140,motorcycle,7.119956962308912,-73.11784654855728,07:42:00,22:00:00
141,motorcycle,7.075979550194383,-73.12700897455215,07:42:00,23:01:00
142,motorcycle,7.10967106384431,-73.11022907495499,07:42:00,19:58:01
143,motorcycle,7.107757349369017,-73.13792556524277,07:43:00,21:35:00
144,motorcycle,7.0800756595878696,-73.11805039644241,07:44:00,22:04:00
145,motorcycle,7.132569734797784,-73.12197715044022,07:44:00,13:32:01
146,motorcycle,7.121860537899572,-73.13488394021988,07:46:00,19:59:02
147,motorcycle,7.116296824954823,-73.12125831842422,07:46:00,20:11:01
148,bicycle,7.083231387431248,-73.12599509954453,07:46:00,19:01:02
149,motorcycle,7.1211584201384355,-73.13264161348343,07:48:00,22:12:00
150,motorcycle,7.1435780287927955,-73.13413292169571,07:48:00,14:30:02
151,motorcycle,7.082896804238217,-73.12981456518173,07:48:00,21:10:01
152,motorcycle,7.093208049914409,-73.10110956430435,07:51:00,19:53:01
153,motorcycle,7.078488924142128,-73.11601728200912,07:51:00,22:55:00
154,motorcycle,7.094176313397277,-73.13630014657974,07:51:00,19:45:01
155,motorcycle,7.089071384982368,-73.10340017080307,07:51:00,23:14:00
156,motorcycle,7.108558321255366,-73.13251823186874,07:51:00,21:25:01
157,motorcycle,7.118119289468389,-73.12380641698837,07:59:00,09:18:01
158,motorcycle,7.122344669641009,-73.1251260638237,07:59:00,17:10:01
159,motorcycle,7.1216222741105994,-73.11669856309891,07:59:00,20:33:01
160,motorcycle,7.118020435343176,-73.12814086675644,07:59:00,17:31:01
161,motorcycle,7.099907317938538,-73.10690850019455,08:00:00,20:28:02
162,bicycle,7.108266828322037,-73.11107128858566,08:02:00,16:32:00
163,motorcycle,7.079092187778052,-73.12191814184189,08:02:00,22:21:00
164,motorcycle,7.094853083946823,-73.13918620347977,08:02:00,22:28:00
165,motorcycle,7.095689541929403,-73.13219100236893,08:02:00,21:55:00
166,bicycle,7.099304054302614,-73.12370985746384,08:04:00,18:52:02
167,motorcycle,7.092113050373577,-73.1036040186882,08:04:00,20:03:01
168,motorcycle,7.105782801585889,-73.10656517744064,08:05:00,16:11:01
169,motorcycle,6.976223064247442,-73.0535700917244,08:06:00,11:38:01
170,motorcycle,7.12182758652451,-73.11205834150314,08:06:00,20:16:01
171,motorcycle,7.079781631933393,-73.10217171907425,08:07:00,23:27:00
172,motorcycle,7.070192781787611,-73.10650080442429,08:07:00,09:03:00
173,bicycle,7.122309183544779,-73.11261624097824,08:10:00,23:42:00
174,motorcycle,7.13646560121969,-73.10469299554825,08:10:00,19:46:02
175,motorcycle,7.122220468304199,-73.11044365167618,08:10:00,20:35:02
176,motorcycle,7.088011871537766,-73.10802429914474,08:10:00,20:27:02
177,motorcycle,7.129419076396722,-73.10669928789139,08:10:00,23:55:00
178,motorcycle,7.07144239931916,-73.10456424951553,08:10:00,21:14:01
179,bicycle,7.118583143440553,-73.1157973408699,08:11:00,10:33:00
180,motorcycle,7.091955897661698,-73.11652153730392,08:11:00,21:25:01
181,motorcycle,7.119095157114735,-73.12501341104507,08:11:00,22:28:00
182,motorcycle,7.068702365745921,-73.09292882680893,08:15:00,14:17:01
183,motorcycle,7.098584193493366,-73.09748321771622,08:16:00,20:25:01
184,motorcycle,7.120730052262509,-73.11908036470413,08:20:00,22:50:00
185,motorcycle,7.119341025067193,-73.1226047873497,08:22:00,13:22:01
186,motorcycle,7.134115914704985,-73.11879605054855,08:22:00,21:47:00
187,motorcycle,7.099689331918839,-73.13330680131912,08:22:00,21:47:00
188,motorcycle,7.118116754747234,-73.11056166887283,08:23:00,20:09:01
189,motorcycle,7.134098171656866,-73.1188228726387,08:23:00,21:46:00
190,bicycle,7.091988849036767,-73.10306757688522,08:23:00,19:52:01
191,motorcycle,7.145709729287795,-73.12527626752853,08:24:00,21:46:00
192,motorcycle,7.1246132450786135,-73.11221927404404,08:24:00,22:11:00
193,motorcycle,7.093142147164265,-73.0980196595192,08:27:00,23:09:00
194,motorcycle,7.132701540298065,-73.10194104909897,08:28:00,10:40:01
195,motorcycle,7.073896009401402,-73.10490220785141,08:29:00,21:10:01
196,motorcycle,7.082881595911267,-73.14295202493668,08:29:00,22:05:00
197,bicycle,7.117252414831903,-73.11598509550095,08:29:00,21:15:01
198,motorcycle,7.113011826332325,-73.118517100811,08:30:00,21:53:00
199,motorcycle,7.072623579379417,-73.08831542730331,08:31:00,23:55:00
200,motorcycle,7.132128693316055,-73.11536818742752,08:32:00,20:07:02
201,motorcycle,7.0720253851858175,-73.10005813837051,08:32:00,19:34:01
202,bicycle,7.1343541784939575,-73.12035709619522,08:34:00,21:53:00
203,motorcycle,7.092021800411835,-73.11316341161728,08:35:00,18:52:02
204,motorcycle,7.1163703318684455,-73.12129586935043,08:37:00,21:18:01
205,motorcycle,7.09082794674579,-73.10948342084885,08:37:00,08:40:00
206,motorcycle,7.150302644028521,-73.14146608114243,08:37:00,21:38:00
207,motorcycle,7.1425565361655785,-73.1320407986641,08:38:01,21:57:00
208,motorcycle,7.09606468066098,-73.09696286916733,08:38:01,21:11:01
209,motorcycle,7.122580398708827,-73.1198313832283,08:39:00,21:27:01
210,bicycle,7.097076034403564,-73.11411291360855,08:39:00,23:55:00
211,motorcycle,6.997020451359809,-73.06238919496536,08:39:00,21:32:01
212,motorcycle,7.111863597647144,-73.11589390039444,08:40:00,16:08:01
213,motorcycle,7.143572959350472,-73.11836153268814,08:40:00,22:21:00
214,motorcycle,7.101587838067182,-73.14186841249466,08:40:00,22:01:00
215,motorcycle,7.087568295334883,-73.08828324079514,08:43:00,18:22:01
216,motorcycle,7.093750480242512,-73.12801748514175,08:45:00,09:33:00
217,motorcycle,7.1432510497632435,-73.11856001615524,08:45:00,22:58:00
218,motorcycle,7.114040923123021,-73.12614530324936,08:46:00,20:03:01
219,motorcycle,7.093996348194963,-73.10424774885178,08:46:00,21:50:00
220,motorcycle,7.09055419686058,-73.11371594667435,08:46:00,21:47:00
221,motorcycle,7.12205571142885,-73.11513215303421,08:46:00,20:56:01
222,motorcycle,7.120808628618455,-73.13588172197342,08:47:01,20:47:01
223,motorcycle,7.075842675251778,-73.11005204916,08:51:00,23:55:00
224,bicycle,7.129071819597897,-73.12190741300583,08:51:00,11:11:00
225,motorcycle,7.090926800871003,-73.13819378614426,08:51:00,21:34:00
226,motorcycle,7.081578749235362,-73.12846273183823,08:51:00,22:39:00
227,motorcycle,7.099778047159411,-73.12623113393784,08:55:01,10:57:00
228,bicycle,7.092044612902278,-73.10363620519638,08:55:01,19:42:02
229,motorcycle,7.118550192065477,-73.12752395868301,08:55:01,20:22:01
230,motorcycle,7.089976280436254,-73.09256941080093,08:55:01,22:59:00
231,motorcycle,7.129931090070912,-73.11155408620834,08:55:01,20:56:01
232,motorcycle,7.073067155582301,-73.08230727910995,08:55:01,20:27:02
233,motorcycle,7.119498177779072,-73.11229974031448,08:56:00,21:25:01
234,motorcycle,7.118116754747234,-73.11617821455002,08:57:01,22:02:00
235,motorcycle,7.133844699540937,-73.1082871556282,08:57:01,16:13:01
236,motorcycle,7.096343499988514,-73.09381395578384,08:57:01,21:53:00
237,motorcycle,7.095550132265636,-73.12491148710251,08:59:00,22:11:00
238,motorcycle,7.088843260078029,-73.16674321889877,08:59:00,18:39:01
239,motorcycle,7.0786638199021255,-73.12941759824753,08:59:00,23:55:00
240,motorcycle,7.116385540195402,-73.10705333948135,08:59:00,19:56:01
241,motorcycle,7.058315078434951,-73.08243066072464,08:59:00,18:18:01
242,motorcycle,7.113333735919561,-73.10937613248825,09:00:00,21:56:00
243,motorcycle,7.105592697498942,-73.11989039182663,09:00:00,20:04:02
244,motorcycle,7.098533499070179,-73.13025444746017,09:00:00,21:37:01
245,motorcycle,7.10873828645768,-73.12603265047073,09:00:00,23:05:00
246,motorcycle,7.112469396004222,-73.13506633043289,09:00:00,20:59:02
247,car,6.972996364211603,-73.05080741643906,09:01:00,10:10:00
248,motorcycle,7.069151011391121,-73.10710698366165,09:01:00,22:02:00
249,motorcycle,7.069242261352862,-73.10742348432541,09:02:00,15:41:02
250,motorcycle,7.076935140071448,-73.11108738183975,09:03:00,22:01:00
251,motorcycle,7.1198251568086235,-73.11527699232101,09:03:00,22:56:00
252,motorcycle,7.113242485957819,-73.13604265451431,09:05:01,19:51:02
253,walking,7.075138022769487,-73.09701651334763,09:05:01,10:38:00
254,motorcycle,7.076278647291183,-73.09790164232254,09:06:00,21:13:01
255,motorcycle,7.109100751583462,-73.11335653066635,09:07:00,22:17:00
256,motorcycle,7.086840830362149,-73.10099691152573,09:07:00,21:19:01
257,motorcycle,7.0987413462052515,-73.13170820474625,09:07:00,14:04:01
258,bicycle,7.071181323039752,-73.09551447629929,09:07:00,20:38:01
259,motorcycle,6.974542544118798,-73.04866701364517,09:08:01,21:11:01
260,motorcycle,7.119782066548915,-73.11506241559982,09:08:01,18:46:02
261,motorcycle,7.122808523613166,-73.1251260638237,09:08:01,22:42:00
262,motorcycle,7.082615450189529,-73.09907108545303,09:10:00,21:18:01
263,motorcycle,7.0851096158103175,-73.12088817358017,09:10:00,21:36:01
264,bicycle,7.102033948991227,-73.11337798833847,09:12:00,19:13:01
265,motorcycle,7.088001732653126,-73.10608774423599,09:12:00,21:22:01
266,bicycle,7.137040982922862,-73.125539124012,09:12:00,09:47:00
267,motorcycle,7.068694761582442,-73.10465544462204,09:13:00,20:41:01
268,motorcycle,7.136655705306637,-73.12984138727188,09:13:00,09:34:00
269,motorcycle,7.081931075476511,-73.12417656183243,09:13:00,21:36:01
270,motorcycle,7.070258684537755,-73.10730010271072,09:13:00,21:18:01
271,bicycle,7.126248140226387,-73.1146976351738,09:14:00,17:26:01
272,motorcycle,7.113726617699257,-73.10757905244827,09:14:00,13:30:01
273,motorcycle,7.1356595598910175,-73.12948197126389,09:14:00,23:55:00
274,motorcycle,7.110672278702253,-73.10756295919418,09:14:00,21:29:00
275,motorcycle,7.110733112010074,-73.11310976743698,09:15:00,13:42:01
276,motorcycle,7.090962286967233,-73.10958534479141,09:15:00,23:11:00
277,motorcycle,7.1293455694831,-73.1249275803566,09:18:01,22:14:00
278,motorcycle,7.113206999861596,-73.11975628137589,09:18:01,19:58:01
279,motorcycle,7.134138727195413,-73.11886042356491,09:18:01,19:32:02
280,car,7.10989411930634,-73.12343627214432,09:18:01,21:24:01
281,motorcycle,7.112758354216389,-73.10978919267654,09:18:01,17:15:01
282,motorcycle,7.135563240486967,-73.12852174043655,09:18:01,14:38:01
283,motorcycle,7.070253615095432,-73.10734301805496,09:19:00,22:32:00
284,motorcycle,7.141456467182429,-73.131123483181,09:21:00,14:38:01
285,motorcycle,7.076651251301605,-73.12463253736496,09:23:00,18:14:01
286,motorcycle,7.1076508910803184,-73.10960680246353,09:25:00,16:09:01
287,motorcycle,7.1218808156688524,-73.13483566045761,09:25:00,19:36:02
288,motorcycle,7.104383635505933,-73.12701433897018,09:28:01,09:31:00
289,motorcycle,7.125761473763795,-73.12405318021774,09:28:01,23:55:00
290,motorcycle,7.085243956031768,-73.11409145593643,09:29:00,23:01:00
291,motorcycle,7.074641217422247,-73.12241166830063,09:29:00,21:18:01
292,motorcycle,7.070775767654261,-73.10580879449844,09:29:00,18:41:01
293,motorcycle,7.1248185574925245,-73.12175184488297,09:30:00,22:32:00
294,motorcycle,7.136361677652154,-73.12353819608688,09:33:00,21:49:01
295,motorcycle,7.118382900468966,-73.11608165502548,09:33:00,21:33:00
296,motorcycle,7.129730847099324,-73.11214417219162,09:33:00,22:01:00
297,motorcycle,7.122633627853176,-73.12516361474991,09:33:00,21:03:01
298,motorcycle,7.070616080221221,-73.10045510530472,09:36:00,19:34:01
299,motorcycle,6.9976693399766035,-73.06263595819473,09:36:00,21:45:00
300,motorcycle,6.976425841940191,-73.05285662412643,09:36:00,19:27:01
301,motorcycle,7.087809093845017,-73.12567323446274,09:37:00,21:34:00
302,bicycle,7.101765268548341,-73.12543720006943,09:37:00,19:46:02
303,motorcycle,7.069569240382414,-73.10582488775253,09:37:00,19:54:03
304,motorcycle,7.099828741582606,-73.10775607824326,09:38:00,12:03:01
305,motorcycle,7.12272487781491,-73.11458498239517,09:38:00,20:15:01
306,motorcycle,7.123505571931993,-73.11338871717453,09:38:00,20:25:01
307,motorcycle,7.095197806024494,-73.09781044721603,09:40:00,17:30:01
308,motorcycle,7.072096357378278,-73.10481637716293,09:41:00,22:43:00
309,motorcycle,7.137142371769237,-73.11872631311417,09:43:01,23:11:00
310,motorcycle,7.068443824187668,-73.10664027929306,09:43:01,20:31:01
311,motorcycle,7.079865277731649,-73.09445768594742,09:46:00,20:46:01
312,motorcycle,7.126466126246093,-73.12481492757797,09:46:00,20:34:01
313,motorcycle,6.985330317372949,-73.05131167173386,09:48:00,19:04:03
314,motorcycle,7.0947415562158085,-73.13175648450851,09:56:00,20:09:01
315,motorcycle,7.121133072926845,-73.10890406370163,09:56:00,23:16:00
316,motorcycle,7.131074249313777,-73.11268597841263,09:56:00,22:30:00
317,motorcycle,7.1183017893918645,-73.12569469213486,09:56:00,22:42:00
318,motorcycle,7.173710793935015,-73.13319951295853,09:56:00,21:10:01
319,motorcycle,7.085378296253211,-73.1149497628212,09:56:00,22:30:00
320,motorcycle,7.1640357632698155,-73.14104229211807,09:56:00,21:28:01
321,motorcycle,7.067739171705377,-73.09921592473984,09:56:00,13:50:01
322,walking,7.126352063793924,-73.12467008829117,09:56:00,21:14:01
323,motorcycle,7.09171002970924,-73.0974993109703,09:56:00,23:01:00
324,motorcycle,7.102695511213817,-73.12448769807816,09:57:00,22:59:00
325,motorcycle,7.123287585912287,-73.12249213457108,09:57:00,19:03:01
326,motorcycle,7.112720333399004,-73.13602656126022,10:00:00,21:37:01
327,motorcycle,7.111531549175275,-73.11783581972122,10:02:00,22:56:00
328,motorcycle,7.137565670202839,-73.11859220266342,10:02:00,23:11:00
329,motorcycle,7.067217019146547,-73.08572977781296,10:02:00,20:18:01
330,motorcycle,7.129452027771798,-73.1224974989891,10:02:00,21:31:00
331,motorcycle,7.091793675507496,-73.10249358415604,10:02:00,22:39:00
332,bicycle,7.139715113745957,-73.11421483755112,10:03:01,21:01:01
333,motorcycle,7.069954517998632,-73.10745567083359,10:03:01,21:46:00
334,motorcycle,7.062466951693942,-73.07923883199692,10:04:00,21:09:01
335,motorcycle,7.068152331254346,-73.1711795926094,10:04:00,14:20:01
336,bicycle,7.049002512895534,-73.16461354494095,10:05:00,10:07:00
337,motorcycle,7.128458417077333,-73.10686022043228,10:05:00,18:42:02
338,motorcycle,7.0929875291735485,-73.08814913034439,10:05:00,21:44:01
339,motorcycle,7.060142612390827,-73.17136734724045,10:05:00,21:19:01
340,motorcycle,7.124075884192841,-73.1151482462883,10:08:00,23:20:00
341,motorcycle,7.09228287669125,-73.09119611978531,10:08:00,21:11:01
342,car,7.088376871384703,-73.12266379594803,10:09:00,11:56:01
343,motorcycle,7.156505106705417,-73.14004987478256,10:10:00,18:41:01
344,motorcycle,7.095235826841879,-73.1193807721138,10:12:00,22:05:00
345,motorcycle,7.089940794340016,-73.10641497373581,10:12:00,16:03:01
346,motorcycle,7.126202515245524,-73.11286300420761,10:13:00,14:39:01
347,motorcycle,7.072116635147545,-73.09864729642868,10:15:00,22:43:00
348,motorcycle,7.130744735563063,-73.11932176351547,10:15:00,12:52:01
349,bicycle,7.12808581306691,-73.11268597841263,10:15:00,21:01:01
350,motorcycle,7.072468961388701,-73.10414582490921,10:16:00,20:37:01
351,motorcycle,7.114887519990241,-73.10846418142319,10:16:00,15:55:01
352,motorcycle,7.127472410546353,-73.11305612325668,10:16:00,19:46:02
353,motorcycle,7.067751845311172,-73.1071874499321,10:16:00,14:55:01
354,motorcycle,7.0665782694144,-73.1093493103981,10:18:00,17:32:01
355,bicycle,7.114514915979818,-73.11004132032394,10:18:00,19:07:02
356,motorcycle,7.124623383963261,-73.12622040510178,10:18:00,15:11:01
357,car,7.124324286866454,-73.11122685670853,10:20:00,19:53:01
358,motorcycle,7.07881590317168,-73.10588389635086,10:20:00,22:11:00
359,motorcycle,7.077530799543901,-73.1046661734581,10:20:00,21:26:01
360,motorcycle,7.119652795769788,-73.11223536729813,10:21:01,20:24:01
361,motorcycle,7.087439024555756,-73.10932785272598,10:21:01,22:32:00
362,motorcycle,7.147605700714983,-73.1339880824089,10:21:01,21:07:01
363,motorcycle,7.153349378862039,-73.1362196803093,10:22:00,19:09:01
364,motorcycle,7.087484649536627,-73.10386687517166,10:22:00,21:54:00
365,motorcycle,7.081890519937964,-73.13118249177933,10:23:01,20:51:01
366,motorcycle,7.1151739434812455,-73.11548620462418,10:23:01,20:34:01
367,motorcycle,7.115660609943838,-73.13196033239365,10:23:01,21:38:00
368,motorcycle,7.1125758542929205,-73.11987966299057,10:23:01,21:31:00
369,motorcycle,7.070098997104715,-73.16457062959671,10:24:00,22:14:00
370,motorcycle,7.110935889702823,-73.10740202665329,10:24:00,20:54:01
371,motorcycle,7.101466171451541,-73.12619894742966,10:24:00,11:59:01
372,motorcycle,7.095522250332884,-73.09504240751266,10:24:00,14:42:01
373,motorcycle,7.1357127890353595,-73.11834007501602,10:26:01,22:25:00
374,motorcycle,7.129809423455264,-73.11171501874924,10:26:01,13:56:02
375,motorcycle,7.06355941651362,-73.09151262044907,10:26:01,20:54:01
376,motorcycle,7.0841312134428165,-73.12205761671066,10:27:01,22:39:00
377,motorcycle,7.081692811687532,-73.11341553926468,10:27:01,23:55:00
378,motorcycle,7.091101696630993,-73.1096550822258,10:28:00,22:08:00
379,bicycle,7.115338700356595,-73.11484783887863,10:28:00,20:47:01
380,motorcycle,7.0858446849465295,-73.09742957353592,10:29:00,21:25:01
381,motorcycle,7.09703547886501,-73.12864512205124,10:29:00,14:54:02
382,motorcycle,7.075525835106866,-73.10411900281906,10:30:00,21:35:00
383,motorcycle,7.091200550756213,-73.13684731721878,10:32:01,21:19:01
384,motorcycle,7.130270742706266,-73.11629623174667,10:32:01,22:36:00
385,motorcycle,7.071183857760907,-73.1050631403923,10:33:00,22:56:00
386,motorcycle,7.081051527234216,-73.09835225343704,10:34:01,15:07:01
387,motorcycle,7.075186182471505,-73.11297565698624,10:35:00,23:55:00
388,motorcycle,7.06605611685557,-73.10243993997574,10:36:01,23:07:00
389,motorcycle,7.09342857065527,-73.10064285993576,10:37:01,22:02:00
390,motorcycle,7.075812258597871,-73.08943122625351,10:39:00,21:27:01
391,motorcycle,7.109797799902282,-73.10831934213638,10:39:00,21:51:00
392,bicycle,7.097937839597741,-73.10650080442429,10:39:00,16:32:00
393,motorcycle,6.997091423552277,-73.0569925904274,10:39:00,23:55:00
394,motorcycle,7.104596552083315,-73.12748104333878,10:40:01,21:02:01
395,motorcycle,6.996924131955758,-73.0503836274147,10:40:01,20:56:01
396,motorcycle,7.082747255689817,-73.09978991746902,10:42:00,22:06:00
397,motorcycle,7.131411367227962,-73.13030809164047,10:42:00,20:51:01
398,motorcycle,7.07052483025948,-73.10613602399826,10:44:00,19:47:01
399,motorcycle,7.071014031443234,-73.10568004846573,10:44:00,20:03:01
400,motorcycle,7.082770068180253,-73.12234729528427,10:44:00,11:35:01
401,motorcycle,7.088260274211379,-73.10208588838577,10:44:00,20:52:02
402,motorcycle,7.110905473048909,-73.10742884874344,10:45:01,15:46:01
403,motorcycle,7.091578224208952,-73.10285300016403,10:45:01,20:22:01
404,bicycle,7.126709459477389,-73.12168210744858,10:46:00,23:50:00
405,motorcycle,7.081903193543759,-73.11793774366379,10:47:01,19:41:02
406,motorcycle,7.108649571217107,-73.11727792024612,10:47:01,16:48:00
407,motorcycle,7.110804084202535,-73.11006277799606,10:47:01,16:17:01
408,motorcycle,7.0905111066008715,-73.09697359800339,10:47:01,12:26:01
409,motorcycle,7.127224007872734,-73.12143534421921,10:47:01,21:27:01
410,bicycle,7.117574324419131,-73.1125196814537,10:49:00,19:30:02
411,bicycle,7.113506096958396,-73.11828643083572,10:49:00,23:16:00
412,motorcycle,7.115445158645294,-73.13329070806503,10:49:00,21:40:00
413,motorcycle,7.095433535092305,-73.1043604016304,10:50:01,20:35:02
414,motorcycle,7.087441559276918,-73.125179708004,10:50:01,22:39:00
415,motorcycle,7.129353173646585,-73.12015324831009,10:50:01,22:19:00
416,motorcycle,7.068537608870564,-73.10645252466202,10:50:01,21:19:01
417,motorcycle,7.082323957256207,-73.12130123376846,10:52:01,22:11:00
418,motorcycle,7.1134858191891155,-73.12369376420975,10:53:00,15:30:01
419,motorcycle,7.122157100275224,-73.11284154653549,10:54:01,21:48:00
420,motorcycle,7.11951592082719,-73.12270671129227,10:55:00,23:55:00
421,motorcycle,7.120359982973248,-73.10932248830795,10:55:00,20:52:02
422,motorcycle,7.1181268936318745,-73.11117857694626,10:55:00,14:37:01
423,motorcycle,7.101826101856162,-73.1412461400032,10:55:00,22:08:00
424,motorcycle,7.104705545093175,-73.10740739107132,10:55:00,14:51:01
425,motorcycle,7.1022240530781815,-73.12520653009415,10:56:01,20:53:01
426,bicycle,7.084141352327457,-73.11710625886917,10:56:01,17:29:00
427,motorcycle,7.104241691121011,-73.12088817358017,10:57:00,22:52:00
428,motorcycle,7.0900852734461,-73.10705333948135,10:58:00,22:21:00
429,bicycle,7.110646931490656,-73.11659127473831,10:58:00,20:22:01
430,motorcycle,7.142442473713409,-73.13200861215591,10:58:00,21:16:01
431,motorcycle,7.115090297682983,-73.10859829187393,10:58:00,22:48:00
432,motorcycle,7.119685747144864,-73.11232656240463,10:58:00,22:04:00
433,motorcycle,7.134275602138018,-73.12567323446274,10:59:00,20:59:02
434,motorcycle,7.129659874906864,-73.11218172311783,11:00:01,23:16:00
435,motorcycle,7.067916602186521,-73.08222681283951,11:00:01,11:19:01
436,motorcycle,7.084156560654414,-73.1190374493599,11:02:00,21:51:00
437,motorcycle,7.092120654537048,-73.10510069131851,11:03:00,21:29:00
438,motorcycle,7.121062100734385,-73.13640207052231,11:03:00,21:21:01
439,motorcycle,7.072017781022332,-73.09440940618515,11:03:00,21:06:00
440,motorcycle,7.059174348907966,-73.10584634542465,11:04:01,16:19:00
441,motorcycle,7.141314522797508,-73.13323706388474,11:04:01,13:32:01
442,motorcycle,7.067597227320448,-73.0837020277977,11:05:01,20:30:02
443,motorcycle,7.08184996439941,-73.17498296499252,11:05:01,22:58:00
444,motorcycle,7.070258684537755,-73.09859365224838,11:05:01,20:08:01
445,motorcycle,7.097174888528777,-73.10593217611313,11:05:01,21:49:01
446,motorcycle,7.12993869423439,-73.12077552080154,11:05:01,12:17:01
447,motorcycle,7.083652151143703,-73.1267300248146,11:07:01,21:23:01
448,motorcycle,7.123817342634588,-73.12108129262924,11:07:01,19:49:01
449,motorcycle,7.127241750920852,-73.11286300420761,11:07:01,17:44:02
450,motorcycle,7.070877156500636,-73.10579270124435,11:07:01,23:11:00
451,motorcycle,7.0716401075696,-73.10748249292374,11:07:01,19:30:02
452,motorcycle,7.104429260486803,-73.12675148248672,11:09:01,22:21:00
453,motorcycle,7.11733859535132,-73.12334507703781,11:12:01,21:51:00
454,motorcycle,7.116943178850455,-73.11720818281174,11:12:01,23:55:00
455,motorcycle,7.117850609025503,-73.11063140630722,11:13:01,21:37:01
456,motorcycle,7.09865009624351,-73.10822814702988,11:13:01,17:57:01
457,motorcycle,7.110005647037347,-73.1079813838005,11:13:01,20:53:01
458,motorcycle,7.110695091192689,-73.1074932217598,11:14:01,21:17:01
459,motorcycle,7.1076356827533616,-73.11412364244461,11:15:00,21:36:01
460,motorcycle,7.090665724591595,-73.10375422239304,11:15:00,23:07:00
461,motorcycle,7.128643451721963,-73.11102837324142,11:15:00,14:20:01
462,motorcycle,7.119624913837036,-73.133644759655,11:16:01,12:59:03
463,motorcycle,7.129010986290076,-73.09400707483292,11:16:01,20:57:01
464,bicycle,7.113589742756652,-73.11339944601059,11:16:01,13:33:01
465,motorcycle,7.110015785921981,-73.10800284147263,11:16:01,14:12:01
466,motorcycle,7.115396998943261,-73.11487466096878,11:18:01,16:45:01
467,motorcycle,7.134361782657436,-73.10868412256241,11:18:01,21:33:00
468,motorcycle,7.140384280132025,-73.12536746263504,11:18:01,21:49:01
469,motorcycle,7.064373062005764,-73.08048874139786,11:19:01,20:13:01
470,motorcycle,7.1374693507987885,-73.12439113855362,11:21:02,21:51:00
471,motorcycle,7.115211964298631,-73.1253245472908,11:21:02,17:12:01
472,motorcycle,7.060086848525323,-73.17292302846909,11:22:01,21:31:00
473,motorcycle,7.092655480701673,-73.11719208955765,11:23:01,17:20:02
474,motorcycle,7.070230802605003,-73.09993475675583,11:23:01,22:12:00
475,motorcycle,7.097689436924121,-73.12252432107925,11:23:01,21:32:01
476,motorcycle,7.1186972058927225,-73.11805039644241,11:23:01,21:01:01
477,motorcycle,7.1532758719484235,-73.13017398118973,11:23:01,16:50:01
478,motorcycle,7.0770010428216,-73.09190958738327,11:23:01,22:46:00
479,motorcycle,7.095251035168836,-73.11918765306473,11:24:01,19:45:01
480,motorcycle,7.1100031123161855,-73.10797601938248,11:24:01,21:48:00
481,bicycle,7.124154460548773,-73.12767952680588,11:24:01,17:14:01
482,motorcycle,7.067566810666541,-73.08504313230515,11:24:01,21:09:01
483,motorcycle,7.109224952920272,-73.1134906411171,11:24:01,14:17:01
484,motorcycle,7.104662454833466,-73.1193271279335,11:25:01,21:03:01
485,walking,7.069419691834014,-73.10731619596481,11:26:01,17:32:01
486,motorcycle,7.115029464375162,-73.1260433793068,11:26:01,21:18:01
487,motorcycle,7.134308553513087,-73.12562495470047,11:26:01,21:05:01
488,motorcycle,7.138833030782514,-73.13758224248886,11:27:00,13:39:01
489,motorcycle,7.067645387022473,-73.10397416353226,11:28:01,22:21:00
490,motorcycle,7.08194881852463,-73.09664636850357,11:28:01,20:55:00
491,motorcycle,7.063785006696797,-73.08191567659378,11:28:01,20:54:01
492,motorcycle,7.084536768828308,-73.10969799757004,11:28:01,21:44:01
493,motorcycle,7.092407078028053,-73.10335725545883,11:28:01,20:17:01
494,motorcycle,7.136323656834769,-73.11941832304001,11:29:01,19:52:01
495,motorcycle,7.081064200840011,-73.09129267930984,11:29:01,19:32:02
496,bicycle,7.0838270469037,-73.17036420106888,11:29:01,17:53:00
497,motorcycle,7.130225117725395,-73.12016397714615,11:31:01,22:21:00
498,motorcycle,7.075457397635553,-73.12685340642929,11:31:01,20:45:01
499,motorcycle,7.114816547797773,-73.1196328997612,11:31:01,21:39:00
500,motorcycle,7.0680788243407235,-73.09101909399033,11:31:01,23:16:00
501,motorcycle,7.1297156387723675,-73.11225682497025,11:31:01,19:41:02
502,motorcycle,7.090782321764927,-73.11270207166672,11:32:01,21:43:00
503,motorcycle,7.116935574686984,-73.13105374574661,11:32:01,21:57:00
504,motorcycle,7.120210434424848,-73.11985820531845,11:33:01,22:21:00
505,motorcycle,7.080303784492209,-73.0982717871666,11:33:01,14:52:01
506,motorcycle,7.1494002832957975,-73.14100474119186,11:33:01,21:17:01
507,motorcycle,7.073799689997351,-73.12306076288223,11:34:01,22:30:00
508,motorcycle,7.116215713877729,-73.11737984418869,11:34:01,20:04:02
509,motorcycle,7.082156665659689,-73.17905455827713,11:36:01,21:24:01
510,motorcycle,7.090645446822315,-73.12813013792038,11:36:01,12:46:03
511,motorcycle,7.061207195277753,-73.0946347117424,11:36:01,23:55:00
512,motorcycle,7.129614249926,-73.11154872179031,11:36:01,22:58:00
513,motorcycle,7.130567305081904,-73.10689777135849,11:37:01,22:07:00
514,motorcycle,7.093091452741085,-73.10394197702408,11:37:01,21:25:01
515,motorcycle,7.075885765511487,-73.11184376478195,11:37:01,23:55:00
516,motorcycle,7.1254015433591675,-73.10771316289902,11:37:01,16:07:01
517,motorcycle,7.127779111806639,-73.12928885221481,11:38:01,13:11:01
518,motorcycle,7.087253989911126,-73.10773462057114,11:38:01,19:09:01
519,motorcycle,7.127903313143442,-73.10668855905533,11:38:01,21:41:00
520,motorcycle,7.1129966180053685,-73.12037318944931,11:39:01,22:11:00
521,motorcycle,7.121650156043351,-73.11818450689316,11:39:01,21:59:00
522,motorcycle,7.093920306560186,-73.14073115587234,11:39:01,21:38:00
523,motorcycle,7.104434329929127,-73.10681194067001,11:40:01,22:42:00
524,walking,7.081203610503785,-73.133644759655,11:40:01,15:40:01
525,bicycle,7.099922526265495,-73.10806721448898,11:40:01,21:22:01
526,motorcycle,7.06995198327747,-73.1062325835228,11:41:01,14:30:02
527,motorcycle,7.1171586301489995,-73.12229365110397,11:41:01,23:01:00
528,motorcycle,7.090549127418264,-73.09698432683945,11:41:01,20:23:02
529,motorcycle,7.10270565009845,-73.11182767152786,11:41:01,21:05:01
530,motorcycle,7.130754874447696,-73.12045902013779,11:42:01,22:14:00
531,bicycle,7.130344249619888,-73.11634987592697,11:45:01,21:00:01
532,bicycle,7.126433174871025,-73.12772244215012,11:46:01,19:18:03
533,motorcycle,7.096503187421554,-73.13241094350815,11:47:03,21:04:01
534,bicycle,7.120719913377876,-73.12325924634933,11:47:03,13:43:01
535,motorcycle,7.109600091651849,-73.11043292284012,11:48:01,22:42:00
536,motorcycle,7.081735901947241,-73.09882432222366,11:48:01,22:32:00
537,motorcycle,7.0798728818951275,-73.1256303191185,11:48:01,19:59:02
538,motorcycle,7.066971151194089,-73.09126049280167,11:48:01,20:52:02
539,motorcycle,7.123480224720389,-73.12860757112503,11:49:01,23:24:00
540,motorcycle,7.070098997104715,-73.10640960931778,11:49:01,14:34:01
541,motorcycle,7.094521035474948,-73.11137169599533,11:49:01,20:54:01
542,motorcycle,7.113234881794348,-73.13567250967026,11:49:01,16:03:01
543,motorcycle,7.140764488305926,-73.12357574701309,11:50:01,17:34:01
544,motorcycle,7.068730247678673,-73.10456961393356,11:51:01,20:09:01
545,motorcycle,7.092774612596166,-73.0945435166359,11:52:02,22:30:00
546,motorcycle,7.0872311774206835,-73.10414046049118,11:53:01,19:25:01
547,motorcycle,7.098138082569328,-73.09289127588272,11:53:01,14:24:01
548,motorcycle,7.136047372228397,-73.11050802469254,11:53:01,20:19:01
549,motorcycle,7.106854988636293,-73.11611920595169,11:56:01,22:40:00
550,motorcycle,7.08818169785544,-73.10483247041702,11:56:01,21:28:01
551,bicycle,7.139545287428284,-73.11698287725449,11:56:01,14:27:02
552,motorcycle,7.115521200280071,-73.12243849039078,11:56:01,20:13:01
553,motorcycle,7.067521185685671,-73.09237629175186,11:56:01,22:42:00
554,motorcycle,7.1261239388895845,-73.11706334352493,11:57:01,22:04:00
555,motorcycle,7.09104086332318,-73.10974091291428,11:57:01,21:14:01
556,motorcycle,7.1352793517171165,-73.11779290437698,11:57:01,21:42:01
557,bicycle,7.110005647037347,-73.1079813838005,11:58:01,22:11:00
558,motorcycle,7.071607156194524,-73.10465544462204,11:58:01,21:10:01
559,motorcycle,7.127132757911006,-73.11286836862564,11:58:01,12:50:02
560,motorcycle,7.107942384013647,-73.11823278665543,11:58:01,23:22:00
561,motorcycle,7.097547492539199,-73.10962289571762,11:59:01,19:26:02
562,motorcycle,7.094835340898705,-73.09032171964645,12:00:01,21:18:01
563,motorcycle,7.07029670535514,-73.10735911130905,12:01:02,22:54:00
564,motorcycle,7.112198180840174,-73.11610847711563,12:01:02,21:37:01
565,motorcycle,7.0814925687159445,-73.12489002943039,12:02:02,23:55:00
566,motorcycle,7.070836600962089,-73.10576051473618,12:02:02,14:15:01
567,motorcycle,7.081616770052754,-73.10282617807388,12:03:01,21:11:01
568,motorcycle,7.079041493354865,-73.10233265161514,12:03:01,22:42:00
569,motorcycle,7.115399533664423,-73.11773389577866,12:03:01,21:16:01
570,motorcycle,7.068555351918683,-73.10451596975327,12:03:01,20:26:01
571,motorcycle,7.10925790429534,-73.11647325754166,12:03:01,18:41:01
572,motorcycle,7.068844310130842,-73.10640424489975,12:04:01,21:57:00
573,motorcycle,7.127000952410718,-73.12370985746384,12:05:01,21:46:00
574,motorcycle,7.070258684537755,-73.10012251138687,12:05:01,22:40:00
575,motorcycle,7.133761053742674,-73.11608701944351,12:05:01,20:52:02
576,motorcycle,7.068616185226503,-73.10448914766312,12:06:01,22:05:00
577,motorcycle,7.1334290052707985,-73.12900990247726,12:06:01,14:59:02
578,motorcycle,7.119419601423132,-73.11220854520798,12:07:01,12:34:01
579,motorcycle,7.081431735408124,-73.0958953499794,12:07:01,21:31:00
580,motorcycle,7.119011511316479,-73.1192734837532,12:08:03,13:19:01
581,motorcycle,7.121437239465969,-73.12596827745438,12:08:03,22:46:00
582,bicycle,7.134240116041788,-73.11953634023666,12:10:04,20:09:01
583,motorcycle,7.132306123797214,-73.11300784349442,12:10:04,19:39:01
584,motorcycle,7.077916077160118,-73.08907717466354,12:10:04,12:13:01
585,motorcycle,7.088582183798614,-73.10650616884232,12:10:04,20:49:01
586,motorcycle,7.123105085988811,-73.1230553984642,12:10:04,21:43:00
587,motorcycle,7.085345344878142,-73.11672002077103,12:13:01,14:03:01
588,motorcycle,7.091811418555615,-73.09158235788345,12:13:01,20:47:01
589,motorcycle,7.141296779749389,-73.13306003808975,12:13:01,22:39:00
590,motorcycle,7.150348269009392,-73.12936395406723,12:14:01,20:10:02
591,motorcycle,7.072641322427536,-73.15092355012894,12:14:01,21:16:01
592,motorcycle,7.073944169103434,-73.09741348028183,12:14:01,16:17:01
593,motorcycle,7.112023285080177,-73.10783118009567,12:15:02,19:12:02
594,motorcycle,7.070905038433388,-73.1047734618187,12:15:02,22:26:00
595,motorcycle,7.0927289876152955,-73.09206515550613,12:15:02,21:53:00
596,motorcycle,7.138587162830056,-73.13682585954666,12:15:02,23:47:00
597,motorcycle,7.072266183695952,-73.10764878988266,12:15:02,20:07:02
598,motorcycle,7.117543907765217,-73.11247140169144,12:17:01,13:21:01
599,motorcycle,7.1195387333176186,-73.11188668012619,12:17:01,22:02:00
600,motorcycle,7.079591527846439,-73.09810012578964,12:18:01,21:33:00
601,motorcycle,7.069718788930814,-73.09966653585434,12:19:01,20:36:02
602,motorcycle,7.1472913952912265,-73.1332477927208,12:19:01,23:16:00
603,motorcycle,7.095182597697537,-73.11102837324142,12:19:01,21:49:01
604,motorcycle,7.080722013483502,-73.09280544519424,12:19:01,20:13:01
605,motorcycle,7.108150231148713,-73.10492902994156,12:20:01,15:11:01
606,motorcycle,7.128526854548639,-73.11219781637192,12:20:01,17:28:01
607,motorcycle,7.09603933344939,-73.1299540400505,12:20:01,22:18:00
608,motorcycle,7.069287886333733,-73.09481710195541,12:21:02,21:43:00
609,motorcycle,7.074887085374705,-73.097805082798,12:21:02,20:09:01
610,bicycle,7.099755234668983,-73.10733765363693,12:22:02,13:30:01
611,motorcycle,7.069987469373707,-73.10521334409714,12:22:02,20:53:01
612,motorcycle,7.139109315388879,-73.13511997461319,12:22:02,20:11:01
613,motorcycle,7.091159995217659,-73.10960680246353,12:23:01,15:54:01
614,motorcycle,7.108839675304047,-73.11158090829849,12:24:04,22:47:00
615,motorcycle,7.092026869854159,-73.10362011194229,12:24:04,15:12:01
616,motorcycle,7.116177693060344,-73.13248068094254,12:25:02,22:05:00
617,motorcycle,7.125429425291927,-73.10811549425125,12:27:01,22:04:00
618,motorcycle,7.119751649895001,-73.12058240175247,12:28:01,21:20:00
619,motorcycle,7.067374171858425,-73.1085929274559,12:28:01,22:27:00
620,motorcycle,7.117619949400002,-73.1215426325798,12:30:02,19:29:01
621,motorcycle,7.112910437485951,-73.11197251081467,12:30:02,20:09:01
622,motorcycle,7.1171991856875465,-73.11314731836319,12:30:02,16:46:02
623,walking,7.104462211861879,-73.12070041894913,12:31:01,20:16:01
624,motorcycle,7.076995973379276,-73.10482174158096,12:31:01,21:07:01
625,motorcycle,7.101729782452104,-73.13884288072586,12:31:01,22:35:00
626,motorcycle,7.085162844954667,-73.11461180448532,12:33:01,20:11:01
627,motorcycle,7.07171614920437,-73.168406188488,12:33:01,21:43:00
628,motorcycle,7.081530589533337,-73.13032418489456,12:33:01,23:55:00
629,motorcycle,7.060712924651689,-73.16848665475845,12:34:01,19:51:02
630,motorcycle,7.114514915979818,-73.11256796121597,12:34:01,22:52:00
631,motorcycle,7.086856038689106,-73.1083032488823,12:34:01,20:44:01
632,motorcycle,7.137552996597044,-73.1222078204155,12:35:03,20:37:01
633,motorcycle,7.061886500548461,-73.08162063360214,12:36:02,22:21:00
634,motorcycle,7.0630600764452325,-73.17178577184677,12:37:01,21:00:01
635,motorcycle,7.129647201301061,-73.1121227145195,12:37:01,21:37:01
636,motorcycle,7.124912342175421,-73.11087816953659,12:39:02,21:17:01
637,motorcycle,7.114816547797773,-73.11474055051804,12:40:02,13:47:01
638,motorcycle,7.0757514252900435,-73.10179620981216,12:40:02,20:11:01
639,motorcycle,7.131102131246529,-73.11739593744278,12:40:02,15:20:02
640,motorcycle,7.121710989351179,-73.11348527669907,12:41:01,22:40:00
641,motorcycle,7.132724352788507,-73.10439258813858,12:41:01,21:10:01
642,motorcycle,7.110849709183405,-73.11580806970596,12:43:02,22:21:00
643,motorcycle,7.09603933344939,-73.12996476888657,12:43:02,22:19:00
644,motorcycle,7.0596711542551915,-73.09293419122696,12:44:03,18:11:01
645,motorcycle,7.07717593858159,-73.17312687635422,12:44:03,21:46:00
646,motorcycle,7.123860432894297,-73.12510997056961,12:45:03,22:39:00
647,motorcycle,7.120215503867165,-73.10988575220108,12:45:03,19:53:01
648,motorcycle,7.068088963225357,-73.0957505106926,12:46:03,21:55:00
649,motorcycle,7.070291635912831,-73.11023980379105,12:46:03,23:55:00
650,motorcycle,7.109871306815904,-73.1097623705864,12:46:03,21:12:01
651,motorcycle,7.132807998586763,-73.1205877661705,12:47:01,16:39:01
652,motorcycle,7.055993273852998,-73.16972583532333,12:47:01,22:21:00
653,motorcycle,7.066393234769762,-73.07811766862869,12:48:02,22:14:00
654,motorcycle,7.10295405277207,-73.12682658433914,12:48:02,19:37:01
655,motorcycle,7.130359457946845,-73.11049193143845,12:50:02,22:09:00
656,motorcycle,7.060114730458075,-73.09764951467514,12:50:02,20:47:01
657,motorcycle,7.094107875925978,-73.11991184949875,12:51:03,21:56:00
658,motorcycle,7.104102281457251,-73.1067368388176,12:51:03,22:45:00
659,motorcycle,7.081535658975653,-73.13035100698471,12:53:02,13:05:02
660,motorcycle,7.083317567950665,-73.17147463560104,12:54:02,12:55:01
661,motorcycle,7.134065220281791,-73.12127977609634,12:55:01,20:13:01
662,motorcycle,7.067404588512339,-73.09008032083511,12:57:02,23:11:00
663,motorcycle,7.069655420901832,-73.10423165559769,12:58:01,16:58:01
664,motorcycle,7.081708020014489,-73.09551447629929,12:59:03,23:55:00
665,motorcycle,7.10517700322881,-73.11915546655655,12:59:03,21:21:01
666,motorcycle,7.1145199854221275,-73.10999304056168,12:59:03,21:29:00
667,motorcycle,7.127135292632161,-73.12248677015305,13:00:02,16:13:01
668,walking,7.127026299622308,-73.12532991170883,13:02:02,13:03:02
669,motorcycle,7.107770022974812,-73.1082335114479,13:02:02,23:07:00
670,motorcycle,7.078040278496921,-73.09435039758682,13:14:01,17:50:01
671,motorcycle,7.092427355797334,-73.1064847111702,13:14:01,14:20:01
672,motorcycle,7.08245829747765,-73.11494439840317,13:15:01,22:07:00
673,bicycle,7.073057016697668,-73.16960245370865,13:19:01,15:22:01
674,motorcycle,7.091380515958527,-73.09987038373947,13:21:01,20:06:01
675,motorcycle,7.113366687294636,-73.1089523434639,13:21:01,21:50:00
676,motorcycle,7.113769707958966,-73.12216490507126,13:24:02,21:41:00
677,bicycle,7.122159634996379,-73.1102666258812,13:26:02,23:55:00
678,motorcycle,7.075862953021051,-73.10077160596848,13:27:01,22:08:00
679,motorcycle,7.0680255951963815,-73.10788482427597,13:28:01,20:05:01
680,motorcycle,7.111095577135863,-73.10768097639084,13:32:01,22:04:00
681,motorcycle,7.081822082466658,-73.09813767671585,13:37:02,20:24:01
682,motorcycle,7.059285876638974,-73.16288083791733,13:40:02,19:55:01
683,motorcycle,7.097899818780341,-73.10636669397354,13:41:01,14:20:01
684,motorcycle,7.07141705210757,-73.16859394311905,13:41:01,16:27:01
685,motorcycle,7.105040128286198,-73.12153190374374,13:43:01,21:47:00
686,motorcycle,7.06818274790826,-73.08745175600052,13:51:02,14:26:02
687,bicycle,7.121079843782503,-73.11199933290482,13:53:01,22:32:00
688,motorcycle,7.080671319060322,-73.11880141496658,14:03:01,22:01:00
689,motorcycle,7.069042018381275,-73.10616284608841,14:03:01,18:30:02
690,motorcycle,7.0834645817779105,-73.09888333082199,14:04:01,20:56:01
691,bicycle,7.069161150275761,-73.10507923364639,14:04:01,17:46:02
692,motorcycle,7.068763199053741,-73.10455352067947,14:04:01,23:55:00
693,motorcycle,7.070119274873996,-73.09874385595322,14:06:01,20:06:01
694,motorcycle,7.126265883274506,-73.1149497628212,14:07:01,21:26:01
695,motorcycle,7.074331981440814,-73.11720818281174,14:10:01,20:00:02
696,motorcycle,7.068758129611425,-73.10651153326035,14:16:02,22:45:00
697,motorcycle,7.141324661682141,-73.13253432512283,14:17:01,23:27:00
698,motorcycle,7.068590838014906,-73.10654371976852,14:21:01,20:43:01
699,motorcycle,6.987981635705616,-73.0558767914772,14:25:01,22:17:00
700,walking,7.114689811739801,-73.13391834497452,14:26:02,18:48:02
701,motorcycle,7.129675083233813,-73.12032490968704,14:28:02,21:02:01
702,walking,7.152670073591345,-73.13492685556412,14:31:02,18:59:01
703,motorcycle,7.048913797654961,-73.16553622484207,14:36:01,14:38:01
704,motorcycle,7.100992178594744,-73.12284618616104,14:36:01,14:39:01
705,bicycle,7.080329131703813,-73.09793919324875,14:38:01,14:38:01
706,bicycle,7.124904738011942,-73.13039928674698,14:42:01,20:39:01
707,motorcycle,7.117500817505508,-73.11234265565872,14:47:01,17:46:02
708,motorcycle,7.082805554276483,-73.12228828668594,14:50:01,23:20:00
709,motorcycle,7.117645296611592,-73.11180084943771,14:51:01,22:15:00
710,motorcycle,7.113528909448824,-73.10942441225052,14:52:01,21:51:00
711,motorcycle,7.131604006036078,-73.12724500894547,14:54:02,19:14:04
712,motorcycle,7.0683652478317285,-73.09851855039597,14:57:02,21:18:01
713,motorcycle,7.11500158244241,-73.10815840959549,14:59:02,15:46:01
714,motorcycle,7.088597392125571,-73.10423702001572,15:02:01,15:35:01
715,motorcycle,6.973107891942611,-73.05461078882217,15:05:01,15:10:01
716,motorcycle,7.068040803523338,-73.10377568006516,15:08:01,19:53:01
717,motorcycle,7.1327091444615505,-73.11269670724869,15:08:01,19:36:02
718,motorcycle,7.102269678059045,-73.12508851289749,15:11:01,21:07:01
719,motorcycle,7.119252309826614,-73.10914546251297,15:12:01,22:35:00
720,motorcycle,7.072058336560886,-73.10533672571182,15:13:01,20:48:02
721,bicycle,7.076577744387983,-73.1248739361763,15:14:01,18:42:02
722,motorcycle,7.119741511010368,-73.11984747648239,15:17:00,15:45:01
723,motorcycle,7.119741511010368,-73.11234265565872,15:18:01,19:38:02
724,motorcycle,7.06835764366825,-73.10224682092667,15:20:02,19:32:02
725,motorcycle,7.026491654279447,-73.06580632925034,15:23:03,21:06:00
726,motorcycle,7.071622364521481,-73.10449451208115,15:23:03,22:11:00
727,motorcycle,7.117412102264936,-73.112213909626,15:23:03,21:48:00
728,motorcycle,7.026484050115975,-73.0658009648323,15:23:03,21:08:01
729,motorcycle,7.120879600810916,-73.13434213399887,15:24:02,19:56:01
730,motorcycle,7.122238211352318,-73.10991257429123,15:27:01,19:22:01
731,motorcycle,7.124139252221823,-73.12510997056961,15:28:01,15:28:01
732,motorcycle,7.113645506622156,-73.12212735414505,15:33:01,19:58:01
733,motorcycle,7.130516610658724,-73.11240702867508,15:33:01,23:55:00
734,bicycle,7.121285156196407,-73.1226047873497,15:34:02,21:34:00
735,motorcycle,7.089051107213088,-73.0907616019249,15:39:02,21:16:01
736,motorcycle,7.1301769580233625,-73.10599118471146,15:41:02,23:55:00
737,motorcycle,7.119123039047487,-73.10892552137375,15:44:01,18:14:01
738,motorcycle,7.117386755053339,-73.12505632638931,15:45:01,19:42:02
739,motorcycle,7.068709969909399,-73.10476273298264,15:46:01,20:47:01
740,motorcycle,7.11979474015471,-73.11986893415451,15:46:01,19:15:02
741,motorcycle,7.118114220026079,-73.12674075365067,15:49:01,20:56:01
742,motorcycle,7.079185972460941,-73.09471517801285,15:49:01,18:42:02
743,motorcycle,7.109425195891859,-73.10640960931778,15:50:01,22:11:00
744,motorcycle,7.062099417125843,-73.09888333082199,15:50:01,22:25:00
745,motorcycle,7.108601411515075,-73.10650080442429,15:51:01,23:05:00
746,motorcycle,7.068157400696663,-73.16753715276718,15:54:01,23:01:00
747,motorcycle,7.110852243904567,-73.10752540826797,15:54:01,21:29:00
748,motorcycle,7.098642492080032,-73.10655444860458,15:56:02,21:07:01
749,motorcycle,7.067734102263053,-73.09396952390671,15:56:02,21:11:01
750,motorcycle,7.070714934346434,-73.1059268116951,15:57:01,20:55:00
751,bicycle,7.08685096924679,-73.10231655836105,15:57:01,21:56:00
752,motorcycle,7.098642492080032,-73.10744494199753,16:06:02,17:06:01
753,bicycle,7.1262329318994375,-73.11468690633774,16:07:01,19:53:01
754,motorcycle,7.091086488304043,-73.1126269698143,16:08:01,22:06:00
755,motorcycle,7.098221728367584,-73.10736984014511,16:09:01,16:46:02
756,motorcycle,7.136019490295645,-73.10759514570236,16:10:01,19:49:01
757,motorcycle,7.113475680304482,-73.11240702867508,16:10:01,22:08:00
758,motorcycle,7.093418431770637,-73.11275571584702,16:11:01,16:54:02
759,motorcycle,7.070306844239781,-73.09882432222366,16:12:01,23:55:00
760,motorcycle,7.070415837249634,-73.10502022504807,16:13:01,19:56:01
761,bicycle,7.122169773881019,-73.11282008886337,16:15:01,21:03:01
762,motorcycle,7.081593957562319,-73.09560030698776,16:16:01,20:30:02
763,motorcycle,7.113582138593181,-73.12382787466049,16:16:01,21:48:00
764,motorcycle,7.073944169103434,-73.08387905359268,16:17:01,20:23:02
765,bicycle,7.0725145863695715,-73.09797674417496,16:19:00,16:45:01
766,car,7.063764728927531,-73.10939759016037,16:20:01,21:56:00
767,motorcycle,7.068628858832305,-73.1046661734581,16:21:00,21:30:00
768,motorcycle,7.121013941032352,-73.12380641698837,16:22:01,21:19:01
769,bicycle,7.077921146602435,-73.09475809335709,16:23:01,16:25:01
770,motorcycle,7.078788021238928,-73.09829860925674,16:24:02,19:17:01
771,motorcycle,7.117548977207541,-73.11612457036972,16:29:01,20:47:01
772,motorcycle,7.080410242780907,-73.10215562582016,16:30:01,21:36:01
773,motorcycle,7.095522250332884,-73.11838835477829,16:31:01,22:28:00
774,car,7.115277867048768,-73.10997158288956,16:34:01,18:37:01
775,car,7.121333315898433,-73.10808330774307,16:40:00,19:32:02
776,motorcycle,7.058297335386833,-73.1571677327156,16:42:00,19:59:02
777,motorcycle,7.062259104558883,-73.1659922003746,16:45:01,23:14:00
778,motorcycle,7.12620758468784,-73.11509996652603,16:47:01,18:45:01
779,motorcycle,7.0692219835835814,-73.08749467134476,16:49:01,21:30:00
780,motorcycle,7.087015726122139,-73.12765806913376,16:57:01,22:45:00
781,motorcycle,7.05936952243723,-73.08226436376572,16:57:01,20:11:01
782,motorcycle,7.098705860109014,-73.10758978128433,16:57:01,18:30:02
783,motorcycle,7.114999047721248,-73.11577051877975,16:58:01,20:21:01
784,motorcycle,7.068720108794032,-73.10469835996628,16:59:01,20:23:02
785,walking,7.070436115018907,-73.1070426106453,16:59:01,21:09:01
786,motorcycle,7.129611715204838,-73.1122300028801,16:59:01,21:24:01
787,motorcycle,7.083705380288045,-73.17094892263412,16:59:01,23:55:00
788,bicycle,7.076073334877279,-73.12002450227737,17:01:01,17:50:01
789,motorcycle,7.068727712957518,-73.10448914766312,17:02:01,18:58:02
790,bicycle,7.078661285180964,-73.10613602399826,17:05:01,19:00:03
791,motorcycle,7.071158510549317,-73.09732764959335,17:08:01,20:40:03
792,motorcycle,7.122296509938984,-73.1216499209404,17:10:01,22:43:00
793,motorcycle,7.135951052824346,-73.12762051820755,17:12:01,21:49:01
794,motorcycle,7.129624388810633,-73.13137024641037,17:13:01,17:38:02
795,motorcycle,7.11939171949038,-73.10820132493973,17:13:01,20:45:01
796,motorcycle,7.11097644524137,-73.10745567083359,17:14:01,21:26:01
797,motorcycle,7.102287421107157,-73.1406506896019,17:17:02,22:12:00
798,motorcycle,7.096604576267929,-73.12981992959976,17:17:02,20:06:01
799,motorcycle,7.076207675098722,-73.12505096197128,17:20:02,20:27:02
800,motorcycle,7.070993753673967,-73.1045749783516,17:26:01,20:22:01
801,motorcycle,7.124823626934848,-73.12243312597275,17:28:01,20:24:01
802,motorcycle,7.08893957948208,-73.1021985411644,17:30:01,23:38:00
803,bicycle,7.09919759601393,-73.10725182294846,17:31:01,19:19:02
804,motorcycle,7.0869067331122935,-73.10379713773727,17:34:01,19:19:02
805,motorcycle,7.013754680453765,-73.1057658791542,17:37:01,21:58:00
806,motorcycle,7.0686896921401186,-73.17666739225388,17:38:02,17:51:01
807,motorcycle,7.071183857760907,-73.09728473424911,17:39:01,20:42:01
808,motorcycle,7.112418701581042,-73.10455352067947,17:40:02,19:31:02
809,motorcycle,7.139661884601615,-73.11417728662491,17:40:02,21:09:01
810,motorcycle,7.1152956100968865,-73.10810476541519,17:46:02,22:40:00
811,motorcycle,7.120674288397005,-73.11256796121597,17:48:01,20:51:01
812,motorcycle,7.119924010933836,-73.12289446592331,17:48:01,22:02:00
813,motorcycle,7.0743091689503785,-73.09783190488815,17:51:01,21:40:00
814,motorcycle,7.088072704845594,-73.10460716485977,17:52:01,21:48:00
815,motorcycle,7.126562445650151,-73.11094790697098,17:53:00,21:26:01
816,motorcycle,7.131294770054637,-73.10273498296738,17:55:01,18:36:01
817,motorcycle,7.149666429017522,-73.13120931386948,18:01:01,22:11:00
818,motorcycle,7.11614727640643,-73.12332898378372,18:01:01,21:39:00
819,motorcycle,7.1135415830546265,-73.12180012464523,18:01:01,21:21:01
820,motorcycle,7.129675083233813,-73.11216026544571,18:03:02,22:52:00
821,motorcycle,7.07155139232902,-73.1046661734581,18:04:01,22:45:00
822,motorcycle,7.0937631538483075,-73.1046125292778,18:05:01,20:23:02
823,motorcycle,7.079142882201232,-73.10554593801498,18:06:02,21:03:01
824,motorcycle,7.075117745000206,-73.12357038259506,18:10:02,20:50:01
825,motorcycle,7.087616455036908,-73.10392051935196,18:11:01,21:44:01
826,motorcycle,7.069721323651969,-73.10550838708878,18:14:01,20:37:01
827,motorcycle,7.106672488712817,-73.13734084367752,18:14:01,21:34:00
828,motorcycle,7.123312933123877,-73.1346908211708,18:15:01,22:30:00
829,motorcycle,7.067244901079299,-73.10542792081833,18:18:01,23:44:00
830,motorcycle,7.072202815666962,-73.10513824224472,18:19:02,23:55:00
831,motorcycle,7.131718068488247,-73.12243312597275,18:20:01,22:18:00
832,motorcycle,7.09185957825764,-73.10535281896591,18:23:01,23:11:00
833,motorcycle,7.09587964601635,-73.1077292561531,18:24:02,20:50:01
834,motorcycle,7.07629385561814,-73.12505096197128,18:25:01,22:04:00
835,motorcycle,7.093349994299338,-73.12652617692947,18:25:01,22:05:00
836,motorcycle,7.101894539327468,-73.12889724969864,18:26:01,23:16:00
837,motorcycle,7.0864302055343344,-73.11841517686844,18:27:01,21:46:00
838,motorcycle,7.0820502073710045,-73.12363475561142,18:29:01,18:29:01
839,motorcycle,7.110928285539352,-73.10991793870926,18:29:01,21:44:01
840,motorcycle,7.063815423350711,-73.0908152461052,18:30:02,21:58:00
841,motorcycle,7.102092247577893,-73.12464863061905,18:30:02,20:37:01
842,motorcycle,7.072780732091296,-73.1005784869194,18:33:02,22:54:00
843,motorcycle,7.0745398285758725,-73.10114711523056,18:35:01,21:12:01
844,motorcycle,7.095524785054046,-73.11106592416763,18:35:01,19:35:02
845,motorcycle,7.067462887099005,-73.09749394655228,18:37:01,21:10:01
846,motorcycle,7.126732271967832,-73.12081307172775,18:38:01,21:43:00
847,motorcycle,7.0930128763851386,-73.10571759939194,18:38:01,20:13:01
848,motorcycle,7.121989808678698,-73.1224974989891,18:38:01,21:51:00
849,motorcycle,7.132356818220394,-73.11722427606583,18:38:01,20:24:01
850,motorcycle,7.097737596626153,-73.12264770269394,18:38:01,19:57:03
851,motorcycle,7.127107410699409,-73.11989575624466,18:39:01,19:24:02
852,motorcycle,7.087839510498931,-73.0878809094429,18:40:01,22:04:00
853,motorcycle,7.071472815973074,-73.10463398694992,18:40:01,22:01:00
854,motorcycle,7.060515216401257,-73.0872693657875,18:42:02,21:48:00
855,motorcycle,7.101331831230091,-73.10628086328506,18:43:01,20:10:02
856,motorcycle,7.119581823577327,-73.11231583356857,18:44:01,19:03:01
857,bicycle,7.119543802759942,-73.11223536729813,18:45:01,21:09:01
858,motorcycle,7.1372919203176295,-73.12810868024826,18:46:02,22:45:00
859,motorcycle,7.09628773612301,-73.13241630792618,18:46:02,21:49:01
860,motorcycle,7.096607110989083,-73.12634378671646,18:47:01,21:11:01
861,motorcycle,7.078564965776913,-73.09878677129745,18:48:02,21:42:01
862,motorcycle,7.119728837404573,-73.12882214784622,18:48:02,20:12:01
863,motorcycle,7.102340650251513,-73.14012497663498,18:48:02,21:11:01
864,motorcycle,6.992262779743733,-73.04351180791855,18:49:01,23:27:00
865,motorcycle,7.09533214624593,-73.10683339834213,18:49:01,19:27:01
866,motorcycle,7.10415044115927,-73.12794774770737,18:51:01,22:30:00
867,motorcycle,7.126339390188129,-73.11587244272232,18:52:02,22:35:00
868,motorcycle,7.086034789033484,-73.16509634256363,18:54:01,21:58:00
869,motorcycle,7.1254573072246785,-73.12001913785934,18:55:01,23:32:00
870,motorcycle,7.095489298957808,-73.11960607767105,18:55:01,21:09:01
871,motorcycle,7.116750540042354,-73.11583489179611,18:56:02,20:21:01
872,motorcycle,7.09878443646496,-73.10855001211166,18:56:02,21:48:00
873,bicycle,7.13064588143785,-73.11953097581863,18:57:02,23:20:00
874,bicycle,7.091256314621724,-73.10331970453262,18:57:02,19:42:02
875,motorcycle,7.080671319060322,-73.09935539960861,18:58:02,22:07:00
876,motorcycle,7.1197719276642815,-73.10725182294846,18:58:02,21:31:00
877,motorcycle,7.1020187406642705,-73.14184695482254,18:59:01,21:09:01
878,motorcycle,7.08534281015698,-73.11600118875504,18:59:01,21:37:01
879,motorcycle,7.0679571577250755,-73.08313339948654,19:00:03,21:32:01
880,motorcycle,7.115062415750231,-73.10848027467728,19:00:03,22:05:00
881,motorcycle,7.087509996748217,-73.10087352991104,19:00:03,21:51:00
882,motorcycle,7.118167449170421,-73.11065286397934,19:01:02,23:55:00
883,motorcycle,7.119782066548915,-73.11145216226578,19:01:02,22:08:00
884,motorcycle,7.130686436976397,-73.11954706907272,19:02:03,22:50:00
885,motorcycle,7.121472725562192,-73.11891943216324,19:05:02,19:28:01
886,motorcycle,7.123419391412575,-73.12035173177719,19:06:01,22:17:00
887,motorcycle,7.068877261505911,-73.08540254831314,19:07:02,21:34:00
888,motorcycle,7.10179821992341,-73.16450625658035,19:07:02,22:06:00
889,motorcycle,7.084184442587166,-73.11924666166306,19:07:02,22:04:00
890,motorcycle,7.0649636520358925,-73.0976065993309,19:07:02,21:26:01
891,motorcycle,7.121254739542493,-73.12410682439804,19:07:02,21:00:01
892,motorcycle,7.067916602186521,-73.08162599802017,19:08:01,21:11:01
893,motorcycle,7.115054811586752,-73.10810476541519,19:13:01,21:11:01
894,motorcycle,7.130285951033223,-73.11871021986008,19:14:04,23:11:00
895,motorcycle,7.118309393555343,-73.11610847711563,19:15:02,21:44:01
896,motorcycle,7.110877591116157,-73.10761660337448,19:15:02,20:34:01
897,motorcycle,7.083918296865427,-73.12533527612686,19:17:01,21:49:01
898,motorcycle,7.076719688772904,-73.09364229440689,19:17:01,20:54:01
899,bicycle,7.132214873835473,-73.11319559812546,19:18:03,22:12:00
900,motorcycle,7.086952358093164,-73.11055094003677,19:24:02,22:04:00
901,motorcycle,7.126090987514509,-73.11469227075577,19:25:01,21:40:00
902,motorcycle,7.114978769951968,-73.10833007097244,19:27:01,21:51:00
903,motorcycle,7.084136282885133,-73.12205225229263,19:28:01,21:09:01
904,motorcycle,7.101309018739656,-73.123919069767,19:31:02,23:01:00
905,motorcycle,7.116519880416853,-73.12199860811234,19:31:02,23:05:00
906,motorcycle,7.088037218749356,-73.10937076807022,19:32:02,19:32:02
907,motorcycle,7.131330256150868,-73.11986356973648,19:34:01,22:39:00
908,motorcycle,7.096984784441823,-73.11437577009201,19:35:02,21:29:00
909,motorcycle,7.071711079762061,-73.10549229383469,19:35:02,23:01:00
910,motorcycle,7.125956647293073,-73.10874313116074,19:36:02,23:05:00
911,motorcycle,7.11107529936659,-73.10746639966965,19:37:01,19:38:02
912,motorcycle,7.1224232459969485,-73.11636060476303,19:37:01,19:48:02
913,motorcycle,7.116423561012795,-73.12140315771103,19:41:02,21:47:00
914,motorcycle,7.129593972156719,-73.11982601881027,19:44:02,22:17:00
915,motorcycle,7.13298796378907,-73.12370985746384,19:50:02,22:00:00
916,motorcycle,7.1258527237255365,-73.12232583761215,19:52:01,22:06:00
917,motorcycle,7.108510161553333,-73.11630696058273,19:53:01,23:24:00
918,bicycle,7.126412897101751,-73.11579197645187,19:57:03,20:56:01
919,motorcycle,7.135854733420288,-73.1224063038826,19:57:03,22:32:00
920,motorcycle,7.132840949961839,-73.11507314443588,20:02:01,21:53:00
921,motorcycle,7.104566135429401,-73.11405390501022,20:04:02,21:13:01
922,motorcycle,7.122258489121592,-73.10979455709457,20:08:01,21:55:00
923,bicycle,7.131180707602461,-73.1174173951149,20:08:01,21:18:01
924,motorcycle,7.1394413638607475,-73.12516897916794,20:17:01,22:35:00
925,motorcycle,7.104664989554621,-73.12055557966232,20:27:02,23:07:00
926,motorcycle,7.113179117928844,-73.13551157712936,20:30:02,23:55:00
927,motorcycle,7.0957199585833095,-73.13221246004105,20:35:02,20:36:02
928,motorcycle,7.092232182268063,-73.10821205377579,20:39:01,20:41:01
929,motorcycle,7.110923216097028,-73.10741275548935,20:41:01,22:32:00
930,motorcycle,7.084704060424826,-73.12506169080734,20:41:01,21:35:00
931,motorcycle,7.130133867763654,-73.12557131052017,20:43:01,21:27:01
932,motorcycle,7.10937196674751,-73.11893552541733,20:45:01,23:14:00
933,motorcycle,7.116152345848747,-73.11984747648239,20:52:02,22:09:00
934,motorcycle,7.136828066345473,-73.12198787927628,20:54:01,23:14:00
935,motorcycle,7.125523209974823,-73.11109811067581,21:05:01,22:11:00
936,motorcycle,7.123713419067052,-73.11406463384628,21:12:01,22:08:00
937,motorcycle,7.13383456065629,-73.12176793813705,21:52:00,22:48:00
938,motorcycle,7.087983989605014,-73.10917764902115,21:56:00,23:14:00
939,motorcycle,7.129023659895871,-73.1073859333992,22:26:00,22:27:00
940,bicycle,7.123115224873452,-73.1122675538063,22:55:00,22:58:00
941,motorcycle,7.119764323500803,-73.1150570511818,23:04:00,23:07:00
