order_id,pick_up_lat,pick_up_lng,drop_off_lat,drop_off_lng,placement_time,preparation_time,ready_time,expected_drop_off_time
1,4.807988,-75.698245,4.800374984741,-75.688995361328,00:33:37,00:34:53,01:14:53,01:03:37
2,4.807988,-75.698245,4.796706657185,-75.696466173636,00:46:42,00:47:48,01:37:48,01:16:42
3,4.807988,-75.698245,4.811925,-75.696151,00:55:06,00:56:21,01:46:21,01:25:06
4,4.808411,-75.689017,4.826159,-75.691064,07:42:32,07:43:43,08:10:43,08:12:32
5,4.811068,-75.691096,4.8454934,-75.6669251,09:00:00,08:05:08,10:05:08,09:30:00
6,4.811068,-75.691096,4.8102074,-75.6984685,09:00:00,08:05:07,10:05:07,09:30:00
7,4.806759219213,-75.747789693866,4.802888084714,-75.747487284243,09:07:24,09:08:25,09:18:25,09:37:24
8,4.811144201034,-75.691980438168,4.8162285,-75.6994418,09:12:09,09:13:27,09:28:27,09:34:09
9,4.807934,-75.687068,4.801976,-75.6959362,09:19:08,09:20:22,09:25:22,09:39:08
10,4.811144201034,-75.691980438168,4.8137309,-75.690187,09:19:44,09:21:04,09:36:04,09:39:44
11,4.811143,-75.693125,4.8148999,-75.6947638,09:19:45,09:20:40,09:34:40,09:49:45
12,4.806918,-75.736006,4.7990362,-75.721286,09:32:59,09:34:22,09:54:22,10:02:59
13,4.807934,-75.687068,4.810048,-75.7130264,09:37:19,09:38:24,09:53:24,09:57:19
14,4.806918,-75.736006,4.7970191,-75.7468375,09:42:14,09:44:44,10:09:44,10:12:14
15,4.814063,-75.763696,4.790325518175,-75.74077270925,09:46:27,09:47:51,09:52:51,10:16:27
16,4.808411,-75.689017,4.807399,-75.686995,09:53:38,09:54:36,10:16:36,10:23:38
17,4.809223,-75.741789,4.801574060976,-75.757587542721,09:56:26,09:57:10,10:07:10,10:26:26
18,4.811242869917,-75.69100929592,4.8015734,-75.7201175,10:00:00,12:26:57,12:41:57,14:00:00
19,4.811068,-75.691096,4.816168050537,-75.699543468654,10:00:00,09:05:43,10:15:43,10:30:00
20,4.8091097,-75.7415858,4.814471550231,-75.73890105798,10:08:09,10:10:05,10:25:05,10:38:09
21,4.808411,-75.689017,4.8000493,-75.6844732,10:15:12,10:16:27,10:43:27,10:45:12
22,4.8091097,-75.7415858,4.797018944939,-75.746837519109,10:22:35,10:23:42,10:38:42,10:52:35
23,4.814012,-75.713595,4.8179778,-75.7012731,10:34:02,10:35:28,11:00:28,11:04:02
24,4.812284,-75.68645,4.803195455588,-75.665679909289,10:35:45,10:36:52,10:46:52,10:58:45
25,4.807388,-75.683625,4.803761,-75.683849,10:36:07,10:36:41,11:07:41,11:06:07
26,4.807934,-75.687068,4.810783,-75.690039,10:48:06,10:49:27,10:54:27,11:01:06
27,4.811071,-75.693119,4.835062,-75.68197,10:57:49,10:58:54,11:23:54,11:22:49
29,4.807326,-75.683826,4.830019,-75.661353,11:00:00,10:52:50,11:02:50,11:30:00
28,4.792196,-75.710936,4.802673,-75.706151,11:00:00,11:00:33,11:21:33,11:30:00
30,4.8029,-75.694972,4.805872,-75.686756,11:01:21,11:01:56,11:22:56,11:31:21
31,4.811144201034,-75.691980438168,4.827441,-75.687986,11:03:10,11:04:43,11:19:43,11:32:10
32,4.812399,-75.77302,4.802258,-75.758587,11:07:07,11:07:42,11:29:42,11:37:07
33,4.812135,-75.694512,4.8214267,-75.7044522,11:07:11,11:07:46,11:17:46,11:37:11
34,4.811143,-75.693125,4.8170711,-75.7137422,11:09:43,11:10:51,11:23:51,11:39:43
35,4.806466369531,-75.684117169941,4.809080912896,-75.678273551166,11:10:56,11:11:56,11:34:56,11:40:56
36,4.812399,-75.77302,4.8094554,-75.7633549,11:15:58,11:16:32,11:45:32,11:45:58
37,4.835755927857,-75.669493310128,4.853526228989,-75.663809403777,11:17:27,11:17:59,11:32:59,11:47:27
38,4.806466369531,-75.684117169941,4.827298,-75.672796,11:19:36,11:20:44,11:40:44,11:49:36
39,4.805889726596,-75.737519860268,4.7970191,-75.7468375,11:19:39,11:20:56,11:42:56,11:49:39
40,4.814854327256,-75.698365329448,4.7941607,-75.6944094,11:20:57,11:22:11,11:40:11,11:50:57
41,4.806466369531,-75.684117169941,4.8307597,-75.6698209,11:21:14,11:22:09,11:40:09,11:51:14
42,4.812135,-75.694512,4.8248182,-75.6759154,11:23:08,11:23:42,11:33:42,11:53:08
43,4.811144201034,-75.691980438168,4.827944,-75.688962,11:25:27,11:27:59,11:39:59,11:52:27
44,4.795354,-75.710026,4.788986,-75.709112,11:25:42,11:27:04,11:46:04,11:45:42
45,4.802896861096,-75.694514507935,4.788986,-75.709112,11:25:42,11:31:48,11:36:48,11:55:42
46,4.805889726596,-75.737519860268,4.797761,-75.761459,11:27:28,11:28:28,11:44:28,11:57:28
47,4.808776,-75.687967,4.80801,-75.671176,11:29:27,11:34:11,11:59:11,11:59:27
48,4.804508,-75.687265,4.82826144305,-75.675644510201,11:30:19,11:31:18,12:14:18,12:07:19
49,4.815143,-75.697348,4.8196211,-75.6935432,11:30:24,11:31:35,12:09:35,12:04:24
50,4.806147183346,-75.682348936176,4.82913,-75.675566,11:33:56,11:34:43,12:06:43,12:03:56
51,4.807302585325,-75.683903273645,4.8123783,-75.711662,11:34:26,11:35:29,11:45:29,12:04:26
52,4.803224,-75.697282,4.8005972,-75.6907639,11:34:47,11:35:55,12:05:55,12:10:47
53,4.812284,-75.68645,4.8085934,-75.7051448,11:35:15,11:36:43,11:41:43,11:58:15
54,4.807062,-75.683784,4.829015783942,-75.690382048488,11:35:23,11:36:02,12:16:02,12:05:23
55,4.809302,-75.740562,4.795135276812,-75.740447156131,11:36:28,11:37:06,11:49:06,12:06:28
56,4.809363,-75.741384,4.8087174,-75.7445955,11:36:35,11:37:24,12:04:24,12:06:35
57,4.81091897084,-75.693228311674,4.811991,-75.708816,11:36:57,11:37:32,12:04:32,12:10:57
58,4.814854327256,-75.698365329448,4.805325,-75.715355,11:39:40,11:41:15,11:59:15,12:09:40
59,4.809223,-75.741798,4.807641840889,-75.719993510966,11:40:30,11:41:15,12:08:15,12:25:30
60,4.80724105296,-75.68353723677,4.8284781,-75.6708335,11:41:01,11:41:36,12:13:36,12:11:01
61,4.835755927857,-75.669493310128,4.8385742,-75.6708397,11:41:20,11:41:56,12:04:56,12:11:20
62,4.809182,-75.697816,4.8227547,-75.7377175,11:42:21,11:42:54,12:03:54,12:12:21
63,4.809223,-75.741798,4.799931,-75.750614,11:42:24,11:43:12,12:10:12,12:20:24
64,4.809192,-75.740626,4.799255,-75.75573,11:44:28,11:45:47,12:05:47,12:14:28
65,4.807062,-75.683784,4.803710635591,-75.685091391206,11:45:43,11:46:16,12:26:16,12:15:43
66,4.814161,-75.694233,4.8160311,-75.6983958,11:45:58,11:46:33,12:07:33,12:15:58
67,4.812135,-75.694512,4.8122127,-75.7058363,11:46:56,11:47:29,11:57:29,12:16:56
68,4.805665,-75.737934,4.795639374465,-75.745747572675,11:47:20,11:47:55,12:09:55,12:17:20
69,4.807302585325,-75.683903273645,4.8070883,-75.6880154,11:48:42,11:49:26,11:59:26,12:18:42
70,4.814286,-75.694137,4.806423509596,-75.714225545526,11:49:54,11:50:52,12:06:52,12:19:54
71,4.812135,-75.694512,4.7966423,-75.6920211,11:49:56,11:50:32,12:00:32,12:19:56
72,4.809302,-75.740562,4.811169,-75.734151,11:50:40,11:51:14,12:03:14,12:20:40
73,4.807062,-75.683784,4.824049,-75.6869319,11:50:49,11:51:22,12:31:22,12:20:49
74,4.807388,-75.683625,4.807555,-75.682566,11:51:08,11:51:41,12:22:41,12:21:08
75,4.800692,-75.708558,4.798152885253,-75.720667205751,11:51:10,11:54:28,12:16:28,12:18:10
76,4.807176532428,-75.686493464071,4.815921,-75.699112,11:51:54,11:52:29,12:26:29,12:23:54
77,4.804508,-75.687265,4.804724,-75.698087,11:53:30,11:54:38,12:35:38,12:30:30
78,4.811157652434,-75.693056991402,4.82805001462,-75.689410884825,11:54:18,11:54:53,12:30:53,12:24:18
79,4.814854327256,-75.698365329448,4.813754,-75.696915,11:55:34,11:57:09,12:15:09,12:25:34
80,4.812135,-75.694512,4.808961,-75.68667,11:55:54,11:56:27,12:06:27,12:25:54
81,4.806687,-75.683304,4.813609900708,-75.721237510443,11:56:18,11:57:14,12:36:14,12:47:18
82,4.81695,-75.693998,4.8171736,-75.7092963,11:56:47,11:58:02,12:23:02,12:38:47
83,4.807062,-75.683784,4.7968733,-75.6940579,11:57:02,11:57:36,12:37:36,12:27:02
84,4.81091897084,-75.693228311674,4.8276504,-75.6854589,11:57:17,11:57:53,12:22:53,12:31:17
85,4.809223,-75.741798,4.799292,-75.760284,11:58:01,11:59:16,12:26:16,12:43:01
86,4.806692,-75.68465,4.8080795,-75.677718,11:58:27,11:59:49,12:33:49,12:28:27
87,4.807176532428,-75.686493464071,4.8010098,-75.6857039,11:58:33,11:59:07,12:34:07,12:30:33
88,4.806747,-75.683759,4.802527,-75.6845062,11:58:37,11:59:41,12:30:41,12:28:37
89,4.803224,-75.697282,4.7985642,-75.693334,11:59:36,12:01:00,12:41:00,12:35:36
90,4.812135,-75.694512,4.807797315563,-75.682180188596,12:00:08,12:00:46,12:10:46,12:30:08
91,4.809250947241,-75.740641683189,4.817574,-75.7172121,12:00:28,12:01:28,12:18:28,12:28:28
92,4.806488,-75.682238,4.8005669,-75.6932396,12:00:42,12:01:54,12:27:54,12:31:42
93,4.811071,-75.693119,4.808758510358,-75.71361232549,12:01:31,12:02:49,12:30:49,12:26:31
94,4.809304663618,-75.740495046627,4.8110073,-75.762407,12:01:51,12:02:53,12:31:53,12:31:51
95,4.811204,-75.693312,4.806737,-75.687327,12:02:19,12:03:39,12:23:39,12:32:19
96,4.806466369531,-75.684117169941,4.809934047529,-75.716335059261,12:03:22,12:04:53,12:29:53,12:33:22
97,4.806747,-75.683759,4.798143,-75.690316,12:03:51,12:05:00,12:35:00,12:33:51
98,4.804508,-75.687265,4.814755840766,-75.694930404425,12:04:04,12:04:56,12:49:56,12:41:04
99,4.808757,-75.691009,4.800386,-75.68877,12:04:18,12:05:31,12:35:31,12:34:18
100,4.807062,-75.683784,4.830302,-75.672413,12:05:14,12:05:50,12:45:50,12:35:14
101,4.805868,-75.683569,4.800869,-75.690611,12:05:17,12:06:59,12:33:59,12:35:17
102,4.835715,-75.669585,4.826762370023,-75.668568648398,12:05:20,12:06:11,12:32:11,12:35:20
103,4.808776,-75.687967,4.803425,-75.684258,12:06:36,12:07:52,12:32:52,12:36:36
104,4.825093,-75.676586,4.81147,-75.663798,12:06:36,12:07:27,12:26:27,12:37:36
105,4.8065,-75.697369,4.821153358098,-75.7082599774,12:06:43,12:08:04,12:49:04,12:46:43
106,4.835755927857,-75.669493310128,4.826645773606,-75.674895644188,12:06:44,12:07:19,12:30:19,12:36:44
107,4.812399,-75.77302,4.812755,-75.783421,12:07:02,12:07:37,12:30:37,12:37:02
108,4.807176532428,-75.686493464071,4.828577462948,-75.675979927182,12:07:43,12:08:18,12:42:18,12:50:43
109,4.81091897084,-75.693228311674,4.79605506078,-75.696977935731,12:07:51,12:08:23,12:29:23,12:41:51
110,4.8065,-75.697369,4.8158428,-75.697165,12:08:02,12:08:50,12:52:50,12:38:02
111,4.808658,-75.679497,4.808969324885,-75.687765218318,12:08:28,12:09:35,12:33:35,12:35:28
112,4.811073,-75.693117,4.817058740122,-75.708495676517,12:08:31,12:09:40,12:16:40,12:38:31
113,4.806794,-75.685447,4.832526,-75.6701599,12:09:14,12:09:50,12:30:50,12:49:14
114,4.807270137697,-75.683676717468,4.805103,-75.6832093,12:09:29,12:10:24,12:38:24,12:39:29
115,4.805336663781,-75.682980968578,4.809734629353,-75.716847179271,12:09:37,12:10:55,12:30:55,12:39:37
116,4.806147183346,-75.682348936176,4.808969324885,-75.687765218318,12:09:40,12:11:06,12:46:06,12:39:40
117,4.806488,-75.682238,4.823456,-75.688435,12:10:02,12:10:54,12:41:54,12:41:02
118,4.809304663618,-75.740495046627,4.798843,-75.754883,12:10:23,12:11:10,12:40:10,12:40:23
119,4.826706,-75.678862,4.8153774,-75.677173,12:10:37,12:12:03,12:46:03,12:48:37
120,4.808776,-75.687967,4.812832,-75.694387,12:10:54,12:12:26,12:37:26,12:40:54
121,4.811204,-75.693312,4.793999,-75.692715,12:11:03,12:12:43,12:50:43,12:41:03
122,4.806466369531,-75.684117169941,4.8158428,-75.697165,12:11:39,12:12:41,12:27:41,12:41:39
123,4.80727,-75.683549,4.806573,-75.680816,12:12:29,12:13:36,12:46:36,12:42:29
124,4.806747,-75.683759,4.808694,-75.678263,12:12:57,12:14:00,12:49:00,12:42:57
125,4.806747,-75.683759,4.799591,-75.683993,12:13:03,12:14:10,12:54:10,12:43:03
126,4.807176532428,-75.686493464071,4.8158428,-75.697165,12:13:21,12:13:55,12:47:55,12:45:21
127,4.80727,-75.683549,4.800797624995,-75.691108927131,12:13:34,12:14:43,12:39:43,12:43:34
128,4.806466369531,-75.684117169941,4.805443,-75.681995,12:13:37,12:14:23,12:34:23,12:43:37
129,4.805665,-75.737934,4.79955109722,-75.727886706591,12:15:06,12:15:39,12:37:39,12:45:06
130,4.806981,-75.683506,4.804493,-75.689565,12:16:12,12:17:29,12:45:29,12:40:12
131,4.807083,-75.683778,4.8055462,-75.6833531,12:16:16,12:16:52,12:31:52,12:46:16
132,4.805868,-75.683569,4.809419,-75.679437,12:16:56,12:19:29,12:45:29,12:46:56
133,4.812135,-75.694512,4.825703,-75.678952,12:16:57,12:17:32,12:27:32,12:46:57
134,4.807176532428,-75.686493464071,4.80061,-75.693179,12:17:00,12:17:36,12:51:36,12:49:00
135,4.810833,-75.6935,4.813675,-75.692872,12:17:39,12:19:06,12:37:06,12:47:39
136,4.809304663618,-75.740495046627,4.801601,-75.720134,12:19:14,12:20:28,12:49:28,12:49:14
137,4.835392293608,-75.669079329448,4.828169,-75.682263,12:19:48,12:21:37,12:35:37,12:49:48
138,4.806692,-75.68465,4.7962372,-75.6980763,12:21:19,12:22:02,13:00:02,12:51:19
139,4.827255,-75.679078,4.828488930091,-75.685955397785,12:22:03,12:23:26,12:50:26,12:46:03
140,4.825093,-75.676586,4.8177446,-75.6691703,12:22:22,12:23:18,12:42:18,12:53:22
141,4.806466369531,-75.684117169941,4.793804,-75.692385,12:23:47,12:24:34,12:45:34,12:53:47
142,4.810833,-75.6935,4.796316,-75.697658,12:23:51,12:25:07,12:44:07,12:53:51
143,4.827705,-75.679288,4.793804,-75.692385,12:26:00,12:27:09,13:27:09,12:56:00
144,4.808658,-75.679497,4.807325237123,-75.682705901563,12:26:21,12:27:17,12:56:17,12:53:21
145,4.8029,-75.694972,4.803534565686,-75.689442269504,12:26:24,12:26:58,12:49:58,12:56:24
146,4.806692,-75.68465,4.7962372,-75.6980763,12:26:45,12:27:44,13:10:44,12:56:45
147,4.807934,-75.687068,4.8069775,-75.6710727,12:27:20,12:28:21,12:33:21,12:47:20
148,4.823631,-75.674783,4.827944,-75.688962,12:27:52,12:29:25,13:14:25,12:57:52
149,4.814854327256,-75.698365329448,4.8290025,-75.6726396,12:28:01,12:29:09,12:47:09,12:58:01
150,4.808977771567,-75.740503187777,4.8067823,-75.7215919,12:29:34,12:30:10,12:55:10,12:59:34
151,4.80727,-75.683549,4.8163648,-75.6975134,12:29:43,12:30:49,13:03:49,12:59:43
152,4.810833,-75.6935,4.8138562,-75.7025861,12:29:56,12:30:46,12:49:46,12:59:56
153,4.809302,-75.740562,4.7933089,-75.7484393,12:30:36,12:31:10,12:43:10,13:00:36
154,4.809302,-75.740562,4.8056173,-75.720234,12:31:28,12:32:04,12:44:04,13:01:28
155,4.8292183,-75.6770416,4.83071,-75.664675,12:32:03,12:36:00,12:41:00,13:02:03
156,4.806147183346,-75.682348936176,4.80757,-75.68117,12:32:13,12:33:12,13:06:12,13:02:13
157,4.806466369531,-75.684117169941,4.809919826973,-75.711537972093,12:34:11,12:35:13,12:51:13,13:04:11
158,4.812135,-75.694512,4.8213815,-75.677829,12:34:11,12:34:46,12:44:46,13:04:11
159,4.807388,-75.683625,4.804707,-75.6833281,12:34:32,12:35:07,13:06:07,13:04:32
160,4.806466369531,-75.684117169941,4.8010098,-75.6857039,12:34:47,12:36:07,12:57:07,13:04:47
161,4.806466369531,-75.684117169941,4.7974769,-75.6921285,12:34:58,12:36:29,13:01:29,13:04:58
162,4.806747,-75.683759,4.8261222,-75.6907557,12:35:24,12:36:34,13:01:34,13:05:24
163,4.807302585325,-75.683903273645,4.8240074,-75.6793312,12:35:39,12:36:37,12:46:37,13:05:39
164,4.81091897084,-75.693228311674,4.8046929,-75.6988165,12:36:19,12:36:54,12:59:54,13:10:19
165,4.808776,-75.687967,4.807155181893,-75.688018351793,12:36:54,12:38:15,13:08:15,13:06:54
166,4.806692,-75.68465,4.807155181893,-75.688018351793,12:36:54,12:38:11,13:11:11,13:06:54
167,4.813995,-75.801116,4.8103599,-75.7737437,12:37:31,12:39:11,13:19:11,13:07:31
168,4.809182,-75.697816,4.8155379,-75.7175139,12:37:35,12:38:08,12:59:08,13:07:35
169,4.807270137697,-75.683676717468,4.8170266,-75.6920002,12:37:41,12:38:36,13:06:36,13:07:41
170,4.808776,-75.687967,4.8113,-75.70653,12:38:15,12:39:10,13:09:10,13:08:15
171,4.806488,-75.682238,4.8145915,-75.706264,12:39:14,12:40:14,13:11:14,13:15:14
172,4.805889726596,-75.737519860268,4.822694,-75.729179,12:39:46,12:40:38,13:01:38,13:09:46
173,4.806466369531,-75.684117169941,4.8088658,-75.6872489,12:39:58,12:40:45,13:00:45,13:09:58
174,4.827353,-75.67956,4.854736577683,-75.663217306137,12:40:24,12:41:32,12:46:32,13:10:24
175,4.807302585325,-75.683903273645,4.8024578,-75.6975304,12:40:40,12:41:28,12:51:28,13:10:40
176,4.806217,-75.683348,4.8046929,-75.6988165,12:40:50,12:41:56,13:07:56,13:06:50
177,4.802896861096,-75.694514507935,4.793939218134,-75.685783386735,12:41:26,12:47:58,12:52:58,13:11:26
178,4.80265,-75.694968,4.7971667,-75.6972265,12:41:28,12:42:20,12:47:20,13:11:28
179,4.804508,-75.687265,4.804189,-75.687826,12:41:39,12:42:34,13:22:34,13:14:39
180,4.812135,-75.694512,4.801682,-75.711632,12:41:41,12:42:16,12:52:16,13:11:41
181,4.806687,-75.683304,4.80215,-75.708144,12:42:03,12:43:10,13:22:10,13:33:03
182,4.810835,-75.690965,4.8279439,-75.6889626,12:42:37,12:43:10,13:10:10,13:12:37
183,4.806466369531,-75.684117169941,4.827944,-75.688962,12:42:50,12:44:23,13:05:23,13:12:50
184,4.81091897084,-75.693228311674,4.818445,-75.702093,12:42:52,12:43:24,13:06:24,13:16:52
185,4.806794,-75.685447,4.823878857917,-75.677502080798,12:44:58,12:45:33,13:06:33,13:17:58
186,4.807176532428,-75.686493464071,4.811925,-75.696151,12:45:13,12:45:49,13:20:49,13:17:13
187,4.814854327256,-75.698365329448,4.8201476,-75.7084826,12:45:38,12:47:11,13:05:11,13:15:38
188,4.813942,-75.694511,4.8072723,-75.6993258,12:46:34,12:48:07,13:03:07,13:16:34
189,4.809182,-75.697816,4.813243065844,-75.714202411473,12:46:50,12:47:24,13:08:24,13:16:50
190,4.814854327256,-75.698365329448,4.8086232,-75.685726,12:48:12,12:49:17,13:07:17,13:18:12
191,4.805665,-75.737934,4.79419,-75.747294,12:48:32,12:49:07,13:04:07,13:18:32
192,4.827255,-75.679078,4.8262783,-75.6753876,12:49:03,12:50:06,13:17:06,13:13:03
193,4.811071,-75.693119,4.826771,-75.683171,12:49:05,12:50:12,13:14:12,13:14:05
194,4.807388,-75.683625,4.8094729,-75.677199,12:50:19,12:50:54,13:21:54,13:20:19
195,4.827878,-75.679994,4.838906,-75.672047,12:50:28,12:51:44,13:28:44,13:26:28
196,4.807090989901,-75.683839832996,4.804493,-75.689565,12:50:38,12:52:03,13:07:03,13:20:38
197,4.809174,-75.691039,4.782363749724,-75.699599795044,12:51:09,12:53:54,13:15:54,13:21:09
198,4.825093,-75.676586,4.8430183,-75.6667874,12:51:24,12:52:06,13:11:06,13:22:24
199,4.812135,-75.694512,4.8036422,-75.6839368,12:51:35,12:52:10,13:02:10,13:21:35
200,4.812135,-75.694512,4.806911,-75.688634,12:51:36,12:52:11,13:02:11,13:21:36
201,4.8029,-75.694972,4.7911427,-75.6928048,12:52:16,12:52:51,13:17:51,13:22:16
202,4.809002,-75.740603,4.8053778,-75.7568334,12:52:33,12:53:08,13:19:08,13:22:33
203,4.805889726596,-75.737519860268,4.807371,-75.721779,12:53:10,12:54:10,13:16:10,13:23:10
204,4.806692,-75.68465,4.825026451098,-75.675891414285,12:53:50,12:55:11,13:35:11,13:23:50
205,4.814854327256,-75.698365329448,4.8000493,-75.6844732,12:54:20,12:55:13,13:13:13,13:24:20
206,4.808575,-75.679527,4.8083797,-75.743517,12:56:05,12:57:50,13:12:50,13:26:05
207,4.806981,-75.683506,4.8083797,-75.743517,12:56:05,12:57:21,13:25:21,13:20:05
208,4.807388,-75.683625,4.8083797,-75.743517,12:56:06,12:56:50,13:23:50,13:26:06
209,4.795354,-75.710026,4.794058797235,-75.712362080812,12:56:42,12:57:51,13:16:51,13:16:42
210,4.806182,-75.688802,4.8073181,-75.687358,12:57:18,12:58:38,13:18:38,13:13:18
211,4.814854327256,-75.698365329448,4.809066546776,-75.715838223696,12:57:49,12:59:12,13:17:12,13:27:49
212,4.809250947241,-75.740641683189,4.815973,-75.724183,12:58:06,12:59:03,13:22:03,13:26:06
214,4.807317,-75.720848,4.801802,-75.733072,12:58:23,12:59:16,13:17:16,13:29:23
213,4.812135,-75.694512,4.8161602,-75.7096171,12:58:23,12:59:00,13:09:00,13:28:23
215,4.809302,-75.740562,4.7922026,-75.7312878,12:58:30,12:59:06,13:11:06,13:28:30
216,4.809182,-75.697816,4.8124418,-75.7074272,12:58:49,12:59:24,13:21:24,13:28:49
217,4.806747,-75.683759,4.804591,-75.682869,12:59:46,13:00:32,13:35:32,13:29:46
218,4.806687,-75.683304,4.838204,-75.676202,13:01:02,13:02:07,13:41:07,13:49:02
219,4.8029,-75.694972,4.7956317,-75.6915911,13:01:18,13:01:53,13:22:53,13:31:18
220,4.812135,-75.694512,4.8070338,-75.7136158,13:01:34,13:02:09,13:12:09,13:31:34
221,4.8060959,-75.7162763,4.8234705,-75.7300943,13:03:03,13:03:52,13:08:52,13:47:03
222,4.792308,-75.710857,4.8023476,-75.7080175,13:03:36,13:04:19,13:14:19,13:32:36
223,4.806692,-75.68465,4.8022659,-75.6913817,13:03:52,13:05:15,13:38:15,13:33:52
224,4.808658,-75.679497,4.820586741416,-75.700064487755,13:04:33,13:05:22,13:29:22,13:34:33
225,4.808411,-75.689017,4.8069775,-75.6710727,13:08:45,13:09:43,13:31:43,13:38:45
227,4.807176532428,-75.686493464071,4.81371781293,-75.704349651933,13:08:54,13:09:29,13:44:29,13:40:54
226,4.807062,-75.683784,4.8094533,-75.7127208,13:08:54,13:09:28,13:49:28,13:38:54
228,4.814039,-75.76385,4.8008578,-75.7509373,13:09:29,13:10:05,13:42:05,13:37:29
229,4.8292183,-75.6770416,4.799754,-75.697958,13:09:36,13:12:33,13:52:33,13:39:36
230,4.8112683,-75.693181,4.808845,-75.69099,13:10:06,13:10:48,13:20:48,13:40:06
231,4.814854327256,-75.698365329448,4.80780800665,-75.685483328998,13:10:07,13:11:11,13:29:11,13:40:07
232,4.809352,-75.741806,4.7955744,-75.7498668,13:10:12,13:11:19,13:16:19,13:35:12
233,4.808658,-75.679497,4.803696269357,-75.690130591393,13:11:02,13:12:15,13:41:15,13:41:02
234,4.81091897084,-75.693228311674,4.800729,-75.692054,13:11:54,13:12:28,13:40:28,13:45:54
235,4.809002,-75.740603,4.8008578,-75.7509373,13:12:02,13:12:37,13:39:37,13:42:02
236,4.814854327256,-75.698365329448,4.803548,-75.686671,13:12:10,13:13:07,13:31:07,13:42:10
237,4.80724105296,-75.68353723677,4.8081037,-75.6809008,13:12:12,13:12:45,13:40:45,13:42:12
238,4.805889726596,-75.737519860268,4.8050527,-75.7455289,13:12:54,13:14:01,13:35:01,13:42:54
239,4.806488,-75.682238,4.816742,-75.7016523,13:13:00,13:14:15,13:43:15,13:49:00
240,4.808776,-75.687967,4.8068641,-75.6993395,13:13:33,13:14:51,13:49:51,13:43:33
241,4.803224,-75.697282,4.806008,-75.682954,13:13:37,13:17:31,14:02:31,13:49:37
242,4.806488,-75.682238,4.8072308,-75.6732489,13:15:35,13:16:28,13:42:28,13:42:35
243,4.80724105296,-75.68353723677,4.821518184155,-75.677831657231,13:16:42,13:17:23,13:48:23,13:46:42
244,4.806747,-75.683759,4.821518184155,-75.677831657231,13:16:42,13:17:36,14:07:36,13:46:42
245,4.806147183346,-75.682348936176,4.799139,-75.6908,13:17:09,13:18:11,13:46:11,13:47:09
246,4.813706,-75.694609,4.81371781293,-75.704349651933,13:17:13,13:18:32,13:48:32,13:47:13
247,4.806747,-75.683759,4.804173,-75.686629,13:17:24,13:18:32,14:08:32,13:47:24
248,4.805868,-75.683569,4.800869,-75.690611,13:17:30,13:19:53,13:56:53,13:47:30
249,4.806488,-75.682238,4.792722383233,-75.695470869541,13:17:44,13:18:49,13:49:49,13:48:44
250,4.808111,-75.691403,4.8065394,-75.6883202,13:17:51,13:18:27,13:45:27,13:47:51
251,4.808349,-75.689437,4.812877,-75.721281,13:18:29,13:19:30,13:39:30,13:48:29
252,4.812399,-75.77302,4.8082861,-75.7574802,13:21:30,13:22:08,13:52:08,13:51:30
253,4.806794,-75.685447,4.8009008,-75.7102228,13:21:58,13:22:35,13:43:35,14:01:58
254,4.808411,-75.689017,4.8010098,-75.6857039,13:22:12,13:23:32,13:50:32,13:52:12
255,4.809304663618,-75.740495046627,4.787649331898,-75.725990049541,13:22:57,13:24:18,13:57:18,13:52:57
256,4.803741,-75.684179,4.8070592,-75.6837831,13:23:33,13:24:43,13:29:43,13:53:33
257,4.812759278436,-75.774251424582,4.824198549087,-75.799681083134,13:24:02,13:25:18,14:05:18,13:54:02
258,4.81091897084,-75.693228311674,4.792454766015,-75.694911964238,13:24:54,13:25:28,13:52:28,13:58:54
259,4.807982,-75.687071,4.8096135,-75.7125329,13:24:57,13:26:01,13:41:01,14:02:57
260,4.806147183346,-75.682348936176,4.80757,-75.68117,13:25:46,13:26:54,14:01:54,13:55:46
261,4.809281,-75.742504,4.80675,-75.757691,13:26:13,13:27:14,13:57:14,13:56:13
262,4.807270137697,-75.683676717468,4.80754814389,-75.677523352393,13:26:29,13:27:25,13:50:25,13:56:29
263,4.809192,-75.740626,4.8094349,-75.7407166,13:26:37,13:28:01,13:41:01,13:56:37
264,4.807388,-75.683625,4.801256,-75.684658,13:27:32,13:28:08,13:59:08,13:57:32
265,4.806217,-75.683348,4.8042475,-75.6890962,13:27:33,13:28:42,13:49:42,13:53:33
266,4.80724105296,-75.68353723677,4.8089566,-75.6874678,13:27:37,13:28:10,14:02:10,13:57:37
267,4.806466369531,-75.684117169941,4.8271285,-75.6889021,13:28:22,13:29:32,13:49:32,13:58:22
268,4.807270137697,-75.683676717468,4.8124418,-75.7074272,13:30:06,13:31:02,13:56:02,14:00:06
269,4.806747,-75.683759,4.827774653258,-75.669945292175,13:31:52,13:33:05,14:18:05,14:01:52
270,4.814885,-75.695052,4.802259310385,-75.667541027069,13:32:20,13:33:19,13:53:19,14:02:20
271,4.814063,-75.763696,4.797273,-75.770575,13:32:20,13:33:30,13:43:30,14:02:20
272,4.814012,-75.713595,4.8056759,-75.7201992,13:32:30,13:33:47,14:03:47,14:04:30
273,4.809281,-75.742504,4.8069626,-75.7359763,13:32:40,13:33:40,14:08:40,14:02:40
274,4.812972151945,-75.775106959952,4.8082546,-75.7968736,13:32:48,13:33:46,14:33:46,14:14:48
275,4.808658,-75.679497,4.8022243,-75.6969087,13:34:27,13:35:31,14:01:31,14:04:27
276,4.809174,-75.691039,4.7959715,-75.6964293,13:34:33,13:35:55,14:00:55,14:04:33
277,4.806466369531,-75.684117169941,4.800737,-75.692029,13:35:32,13:37:24,13:57:24,14:05:32
278,4.806794,-75.685447,4.8106118,-75.6994847,13:35:35,13:36:09,13:59:09,14:05:35
279,4.806488,-75.682238,4.8177076,-75.7028587,13:35:55,13:37:03,14:08:03,14:11:55
280,4.808758125901,-75.689879783714,4.807213648824,-75.716622769833,13:36:28,13:37:05,13:48:05,14:06:28
281,4.805889726596,-75.737519860268,4.800283110992,-75.746444575489,13:37:01,13:37:50,13:58:50,14:07:01
282,4.8029,-75.694972,4.8049635,-75.6897346,13:37:02,13:37:36,14:00:36,14:07:02
283,4.8029,-75.694972,4.802349020883,-75.687971946824,13:37:04,13:37:39,13:58:39,14:07:04
284,4.807062,-75.683784,4.8315453,-75.6743057,13:37:07,13:37:42,14:17:42,14:07:07
285,4.808411,-75.689017,4.808959,-75.690326,13:38:14,13:39:21,14:06:21,14:08:14
286,4.806466369531,-75.684117169941,4.802894,-75.697937,13:38:15,13:41:20,14:02:20,14:08:15
287,4.810835,-75.690965,4.837712655307,-75.674789361656,13:39:15,13:39:49,14:06:49,14:09:15
288,4.806747,-75.683759,4.8185237,-75.6819256,13:39:34,13:40:34,14:30:34,14:09:34
289,4.810835,-75.690965,4.8185237,-75.6819256,13:39:34,13:40:12,14:07:12,14:09:34
290,4.809182,-75.697816,4.8106118,-75.6994847,13:39:47,13:40:22,14:01:22,14:09:47
291,4.814854327256,-75.698365329448,4.803771441506,-75.687957666814,13:40:19,13:41:10,13:59:10,14:10:19
292,4.806794,-75.685447,4.798824,-75.689157,13:40:22,13:40:56,14:01:56,14:11:22
293,4.8292183,-75.6770416,4.809394962891,-75.742954015732,13:40:23,13:42:09,14:17:09,13:40:23
294,4.806466369531,-75.684117169941,4.831202,-75.675212,13:42:59,13:44:06,14:05:06,14:12:59
295,4.811073,-75.693117,4.8317216,-75.6709273,13:44:06,13:45:20,13:52:20,14:14:06
296,4.810833,-75.6935,4.826771,-75.683171,13:44:18,13:45:10,14:08:10,14:14:18
297,4.806794,-75.685447,4.806711,-75.695092,13:44:50,13:45:26,14:08:26,14:14:50
298,4.806692,-75.68465,4.8014247,-75.6848208,13:45:56,13:46:43,14:34:43,14:15:56
299,4.806944,-75.747842,4.805100149623,-75.747633129358,13:46:55,13:47:54,14:03:54,14:10:55
300,4.807270137697,-75.683676717468,4.834695,-75.6723132,13:47:29,13:48:27,14:12:27,14:17:29
301,4.805665,-75.737934,4.7843095,-75.7243536,13:47:51,13:48:26,14:10:26,14:17:51
302,4.807227,-75.683495,4.7922914,-75.6947735,13:48:45,13:49:41,13:54:41,14:25:45
303,4.807317,-75.720848,4.7909941,-75.7084303,13:49:44,13:50:34,14:09:34,14:38:44
304,4.803224,-75.697282,4.8111928,-75.6757217,13:50:43,13:54:04,14:24:04,14:26:43
305,4.812399,-75.77302,4.809398,-75.784976,13:52:32,13:53:09,14:22:09,14:22:32
306,4.808294,-75.68689,4.82711583411,-75.676521398127,13:52:37,13:54:16,14:19:16,14:23:37
307,4.827705,-75.679288,4.847367,-75.66869,13:53:03,13:54:08,14:54:08,14:23:03
308,4.809281,-75.742504,4.8088464,-75.7572468,13:54:34,13:55:29,14:20:29,14:24:34
309,4.826105384696,-75.68348993006,4.830293661748,-75.687271356583,13:54:48,13:55:44,14:32:44,14:30:48
310,4.807302585325,-75.683903273645,4.809485168713,-75.679177455604,13:55:25,13:56:07,14:06:07,14:25:25
311,4.812135,-75.694512,4.8045081,-75.6880714,13:55:30,13:56:08,14:06:08,14:25:30
312,4.809304663618,-75.740495046627,4.797818115798,-75.724559761584,13:55:54,13:56:58,14:29:58,14:25:54
313,4.807176532428,-75.686493464071,4.8173979,-75.6783225,13:56:09,13:56:45,14:30:45,14:39:09
314,4.835755927857,-75.669493310128,4.822694178903,-75.677139982581,13:57:00,13:57:36,14:12:36,14:27:00
315,4.805889726596,-75.737519860268,4.808491901719,-75.735032781959,13:57:27,13:58:41,14:21:41,14:27:27
316,4.815143,-75.697348,4.811685,-75.679782,13:58:06,13:59:01,14:32:01,14:40:06
317,4.806466369531,-75.684117169941,4.813816,-75.71876,13:58:20,13:59:19,14:22:19,14:28:20
318,4.806747,-75.683759,4.8073367,-75.6842799,14:00:34,14:01:31,14:41:31,14:30:34
319,4.806488,-75.682238,4.812254,-75.706031,14:01:46,14:03:31,14:24:31,14:37:46
320,4.808658,-75.679497,4.8077928,-75.6853421,14:01:56,14:03:04,14:29:04,14:28:56
321,4.807083,-75.683778,4.823744,-75.679404,14:02:09,14:02:44,14:17:44,14:32:09
322,4.805868,-75.683569,4.8249249,-75.6707362,14:02:33,14:03:50,14:28:50,14:32:33
323,4.807090989901,-75.683839832996,4.8173979,-75.6783225,14:03:22,14:04:39,14:31:39,14:33:22
324,4.809250947241,-75.740641683189,4.802206,-75.758189,14:04:10,14:05:06,14:30:06,14:32:10
325,4.808901,-75.682222,4.818485,-75.697714,14:04:43,14:05:40,14:40:40,14:34:43
326,4.80724105296,-75.68353723677,4.827777,-75.669375,14:04:50,14:05:29,14:34:29,14:34:50
327,4.810833,-75.6935,4.8128426,-75.7210781,14:05:34,14:07:20,14:31:20,14:35:34
328,4.807062,-75.683784,4.826159,-75.691064,14:05:37,14:06:12,14:46:12,14:35:37
329,4.804508,-75.687265,4.8059237,-75.6791974,14:09:51,14:11:02,14:41:02,14:46:51
330,4.825093,-75.676586,4.8339565,-75.6836355,14:10:27,14:11:35,14:32:35,14:41:27
331,4.808411,-75.689017,4.8096545,-75.6803392,14:10:52,14:12:00,14:39:00,14:40:52
332,4.8091097,-75.7415858,4.7985481,-75.7236434,14:12:58,14:14:13,14:29:13,14:42:58
333,4.808901,-75.682222,4.7933614,-75.6915129,14:13:49,14:15:14,14:50:14,14:43:49
334,4.812135,-75.694512,4.8022243,-75.6969087,14:15:08,14:15:43,14:25:43,14:45:08
335,4.81091897084,-75.693228311674,4.80588461073,-75.697844289243,14:15:14,14:15:50,14:40:50,14:45:14
336,4.80727,-75.683549,4.80598,-75.68443,14:16:43,14:17:47,14:41:47,14:46:43
337,4.810258062528,-75.69421525062,4.796562895931,-75.709542073309,14:17:00,14:17:33,14:27:33,15:00:00
338,4.807090989901,-75.683839832996,4.800471,-75.688687,14:17:35,14:18:48,14:44:48,14:47:35
339,4.810833,-75.6935,4.8122792,-75.7062601,14:19:36,14:20:42,14:50:42,14:49:36
340,4.80724105296,-75.68353723677,4.800471,-75.688687,14:21:05,14:21:38,14:55:38,14:51:05
341,4.809304663618,-75.740495046627,4.8047607,-75.7483704,14:21:35,14:22:49,14:55:49,14:51:35
342,4.807250957538,-75.683752638623,4.8038221,-75.6860398,14:21:45,14:25:42,14:39:42,14:51:45
343,4.802243,-75.747682,4.804126253934,-75.762932114303,14:21:49,14:23:07,15:03:07,14:51:49
344,4.807388,-75.683625,4.8038145,-75.686011,14:22:15,14:22:52,14:53:52,14:52:15
345,4.8029,-75.694972,4.802922162796,-75.68902015686,14:23:55,14:24:29,14:47:29,14:53:55
346,4.812135,-75.694512,4.822141605997,-75.678594522025,14:24:10,14:24:47,14:34:47,14:54:10
347,4.806692,-75.68465,4.822606313457,-75.678381845355,14:24:48,14:25:46,15:10:46,14:54:48
348,4.80654,-75.737671,4.787847019137,-75.724182215671,14:26:04,14:26:46,14:56:46,14:56:04
349,4.806747,-75.683759,4.798824,-75.689157,14:26:25,14:27:32,15:02:32,14:56:25
350,4.814161,-75.694233,4.8156017,-75.6887665,14:27:15,14:27:52,14:48:52,14:57:15
351,4.806794,-75.685447,4.827635,-75.7342251,14:27:24,14:28:01,14:53:01,15:08:24
352,4.814161,-75.694233,4.8140947,-75.6975281,14:29:10,14:29:47,14:50:47,14:59:10
353,4.814854327256,-75.698365329448,4.802549,-75.683168,14:30:02,14:31:09,14:49:09,15:00:02
354,4.808658,-75.679497,4.8043168,-75.6913539,14:32:48,14:34:08,15:00:08,15:02:48
355,4.811071,-75.693119,4.8017341,-75.6915967,14:34:15,14:35:42,15:01:42,14:59:15
356,4.812135,-75.694512,4.816705,-75.6886292,14:34:16,14:34:49,14:44:49,15:04:16
357,4.805889726596,-75.737519860268,4.8038877,-75.7376835,14:34:20,14:35:15,14:56:15,15:04:20
358,4.812972151945,-75.775106959952,4.818173,-75.797369,14:34:52,14:37:17,15:34:17,15:16:52
359,4.806756,-75.685488,4.8106979,-75.6798011,14:37:48,14:39:14,15:06:14,15:02:48
360,4.806794,-75.685447,4.816360821788,-75.693655014038,14:39:15,14:39:51,15:00:51,15:10:15
361,4.809250947241,-75.740641683189,4.8097395,-75.7128947,14:41:21,14:42:16,15:07:16,15:09:21
362,4.807090989901,-75.683839832996,4.807545,-75.682735,14:42:11,14:43:28,15:03:28,15:12:11
363,4.809006,-75.681175,4.792751230545,-75.695527184365,14:42:25,14:43:41,15:23:41,15:12:25
364,4.807317,-75.720848,4.7973643,-75.7203679,14:44:38,14:51:20,14:56:20,15:15:38
365,4.805665,-75.737934,4.796011293391,-75.742176175118,14:45:36,14:46:12,15:01:12,15:15:36
366,4.803741,-75.684179,4.8143545,-75.674666,14:48:49,14:50:26,14:55:26,15:18:49
367,4.811142800301,-75.693285132632,4.819050593104,-75.694550871849,14:49:23,14:50:22,14:59:22,15:19:23
368,4.806687,-75.683304,4.806952,-75.685204,14:49:45,14:50:51,15:24:51,15:22:45
369,4.809250947241,-75.740641683189,4.7938657,-75.7464441,14:50:27,14:51:23,15:14:23,15:18:27
370,4.803224,-75.697282,4.801866275,-75.69105205,14:50:37,14:51:49,15:21:49,15:26:37
371,4.807176532428,-75.686493464071,4.798715845494,-75.693362988532,14:51:54,14:52:29,15:26:29,15:23:54
372,4.811142800301,-75.693285132632,4.819050593104,-75.694550871849,14:52:10,14:53:19,15:02:19,15:22:10
373,4.808411,-75.689017,4.828792614447,-75.683336891234,14:52:14,14:53:21,15:15:21,15:22:14
374,4.808658,-75.679497,4.792698,-75.6944411,14:52:16,14:53:34,15:22:34,15:22:16
375,4.81091897084,-75.693228311674,4.807772258329,-75.72242975235,14:52:24,14:53:01,15:18:01,15:26:24
376,4.812972151945,-75.775106959952,4.809392,-75.841856,14:52:29,14:53:45,15:31:45,15:34:29
377,4.805889726596,-75.737519860268,4.8155783,-75.7267681,14:53:05,14:54:11,15:15:11,15:23:05
378,4.808464244395,-75.69000400056,4.8187886,-75.6990177,14:53:05,14:54:22,15:05:22,15:11:05
379,4.809002,-75.740603,4.807368,-75.748132,14:53:24,14:53:58,15:19:58,15:23:24
380,4.806182,-75.688802,4.8148999,-75.6947638,14:54:19,14:55:46,15:11:46,15:15:19
381,4.805889726596,-75.737519860268,4.789299815059,-75.70876121521,14:54:43,14:55:58,15:16:58,15:24:43
382,4.804508,-75.687265,4.819183561277,-75.677376352251,14:55:00,14:56:25,15:35:25,15:32:00
383,4.811287880626,-75.691703200358,4.804432621956,-75.68821683526,14:55:06,14:56:09,15:11:09,15:21:06
384,4.806747,-75.683759,4.804639,-75.684094,14:56:16,14:57:23,15:27:23,15:26:16
385,4.804508,-75.687265,4.8008355,-75.6958119,14:56:46,14:57:41,15:35:41,15:33:46
386,4.81091897084,-75.693228311674,4.83714,-75.680311,14:56:57,14:57:32,15:26:32,15:30:57
387,4.811177849844,-75.691947067633,4.802618,-75.688915,14:57:03,14:58:02,15:22:02,15:27:03
388,4.812592,-75.773236,4.8262619,-75.8004656,14:57:06,14:58:38,15:35:38,15:39:06
389,4.807006,-75.683774,4.800764,-75.684483,14:57:20,14:58:36,15:07:36,15:22:20
390,4.80265,-75.694968,4.8081941,-75.7200674,14:57:24,14:58:24,15:03:24,15:27:24
391,4.809302,-75.740562,4.8154512,-75.7243084,14:58:08,14:58:50,15:10:50,15:28:08
392,4.806747,-75.683759,4.796492066314,-75.690470226109,14:58:37,14:59:27,15:39:27,15:28:37
393,4.808952,-75.681521,4.81132,-75.69314,14:58:50,15:00:09,15:28:09,15:30:50
394,4.814161,-75.694233,4.815654,-75.6884137,14:59:14,14:59:55,15:20:55,15:29:14
395,4.806692,-75.68465,4.815654,-75.6884137,14:59:14,15:00:19,15:38:19,15:29:14
396,4.805336663781,-75.682980968578,4.7939989,-75.6927144,14:59:54,15:01:02,15:20:02,15:29:54
397,4.810833,-75.6935,4.8269232,-75.6851653,15:01:50,15:02:40,15:23:40,15:31:50
398,4.806466369531,-75.684117169941,4.828948,-75.6721454,15:02:47,15:04:51,15:25:51,15:32:47
399,4.807317,-75.720848,4.811274248393,-75.709846839309,15:05:06,15:07:07,15:26:07,15:36:06
400,4.809302,-75.740562,4.806928,-75.7446037,15:08:28,15:09:05,15:21:05,15:38:28
401,4.809304663618,-75.740495046627,4.797359,-75.752839,15:08:31,15:10:08,15:43:08,15:38:31
402,4.814854327256,-75.698365329448,4.812391,-75.683102,15:08:45,15:10:11,15:28:11,15:38:45
403,4.808757,-75.691009,4.807369,-75.686964,15:10:04,15:11:22,15:26:22,15:40:04
404,4.809302,-75.740562,4.8012934,-75.7488663,15:10:50,15:11:27,15:23:27,15:40:50
405,4.806747,-75.683759,4.801223,-75.684854,15:12:31,15:13:25,15:35:25,15:42:31
406,4.80494,-75.694313,4.8004175,-75.7073262,15:14:27,15:15:27,15:55:27,15:44:27
407,4.810833,-75.6935,4.7960908,-75.695504,15:15:03,15:16:12,15:36:12,15:45:03
408,4.807083,-75.683778,4.8041625,-75.6876671,15:15:25,15:15:57,15:30:57,15:45:25
409,4.807090989901,-75.683839832996,4.801432,-75.683353,15:16:12,15:18:44,15:33:44,15:46:12
410,4.808111,-75.691403,4.821886,-75.686424,15:16:26,15:17:01,15:44:01,15:46:26
411,4.804632,-75.737965,4.797359,-75.752839,15:16:38,15:17:27,15:27:27,15:46:38
412,4.80844,-75.686976,4.8029886,-75.6872194,15:18:58,15:20:21,16:18:21,15:42:58
413,4.809498,-75.740748,4.794511974755,-75.773220659764,15:19:19,15:26:17,15:31:17,15:49:19
414,4.808758125901,-75.689879783714,4.795197260694,-75.707930103619,15:20:10,15:20:46,15:31:46,15:50:10
415,4.811204,-75.693312,4.7986556,-75.7058137,15:20:12,15:21:09,15:42:09,15:50:12
416,4.814854327256,-75.698365329448,4.804754,-75.68632,15:20:19,15:21:09,15:39:09,15:50:19
417,4.835392293608,-75.669079329448,4.8294754,-75.6641574,15:20:39,15:22:21,15:38:21,15:50:39
418,4.807176532428,-75.686493464071,4.807399,-75.686995,15:21:59,15:22:35,16:00:35,15:53:59
419,4.811143,-75.693125,4.8085059,-75.689346,15:22:07,15:23:13,15:41:13,15:52:07
420,4.806692,-75.68465,4.8066267,-75.6854812,15:23:18,15:24:15,16:18:15,15:53:18
421,4.792196,-75.710936,4.7938285,-75.7070625,15:25:17,15:25:53,15:44:53,15:55:17
422,4.812135,-75.694512,4.802443836463,-75.689117778773,15:26:58,15:27:33,15:37:33,15:56:58
423,4.835755927857,-75.669493310128,4.8266401,-75.6755808,15:27:12,15:27:46,15:42:46,15:57:12
424,4.8056928,-75.6829708,4.82695,-75.692122,15:28:48,15:29:55,16:14:55,16:05:48
425,4.811204,-75.693312,4.801545,-75.703317,15:30:06,15:30:57,16:14:57,16:00:06
426,4.808758125901,-75.689879783714,4.82695,-75.692122,15:30:42,15:31:15,15:42:15,16:00:42
427,4.809006,-75.681175,4.8156858,-75.6999722,15:32:52,15:34:07,16:14:07,16:02:52
428,4.807083,-75.683778,4.8041625,-75.6876671,15:33:57,15:34:29,15:49:29,16:03:57
429,4.807062,-75.683784,4.8335789,-75.6889969,15:34:12,15:34:47,16:14:47,16:04:12
430,4.82754,-75.679893,4.8542667,-75.661294,15:35:01,15:36:55,16:09:55,16:05:01
431,4.807062,-75.683784,4.828105,-75.6784422,15:35:25,15:35:58,16:15:58,16:05:25
432,4.806466369531,-75.684117169941,4.804728413098,-75.690908239665,15:36:18,15:43:37,15:48:37,16:06:18
433,4.809304663618,-75.740495046627,4.7950805,-75.7489853,15:37:03,15:38:00,16:11:00,16:07:03
434,4.8263501,-75.6781826,4.8297036,-75.6740909,15:38:18,15:39:10,15:54:10,16:08:18
435,4.8056928,-75.6829708,4.805162625902,-75.683492794633,15:38:28,15:39:51,16:24:51,16:15:28
436,4.806466369531,-75.684117169941,4.814280092125,-75.691467672586,15:41:08,15:47:27,15:52:27,16:11:08
437,4.809182,-75.697816,4.8141638,-75.7123132,15:41:09,15:41:45,16:02:45,16:11:09
438,4.808411,-75.689017,4.8404614,-75.6741239,15:41:27,15:42:16,16:04:16,16:11:27
439,4.827878,-75.679994,4.822894694381,-75.663266044309,15:41:51,15:43:07,16:10:07,16:17:51
440,4.803741,-75.684179,4.80655,-75.688295,15:42:26,15:43:51,15:48:51,16:12:26
441,4.804632,-75.737965,4.793994315319,-75.727598369122,15:42:48,15:44:13,15:54:13,16:12:48
442,4.811177849844,-75.691947067633,4.8067009,-75.6856678,15:42:51,15:43:43,16:10:43,16:12:51
443,4.804508,-75.687265,4.8002824,-75.7049756,15:43:02,15:44:06,16:15:06,16:20:02
444,4.808758125901,-75.689879783714,4.813802,-75.693964,15:43:50,15:44:24,15:55:24,16:08:50
445,4.805336663781,-75.682980968578,4.8090727,-75.6789915,15:44:32,15:45:52,16:15:52,16:14:32
446,4.808566,-75.690795,4.804723,-75.691056,15:44:58,15:45:53,16:05:53,15:57:58
447,4.809302,-75.740562,4.807815,-75.75575,15:48:51,15:49:27,16:01:27,16:18:51
448,4.807270137697,-75.683676717468,4.792973295161,-75.692842304707,15:49:05,15:50:01,16:13:01,16:19:05
449,4.802896861096,-75.694514507935,4.7980601,-75.6937165,15:49:08,15:55:12,16:00:12,16:19:08
450,4.812135,-75.694512,4.8234798,-75.7288659,15:50:00,15:50:36,16:00:36,16:20:00
451,4.808658,-75.679497,4.804628,-75.685896,15:51:03,15:52:28,16:25:28,16:18:03
452,4.812759278436,-75.774251424582,4.797930039736,-75.753480009735,15:53:10,15:54:35,16:34:35,16:23:10
453,4.814012,-75.713595,4.8014738,-75.7186657,15:53:52,15:54:54,16:14:54,16:25:52
454,4.809302,-75.740562,4.796649762432,-75.751665495336,15:54:23,15:54:59,16:06:59,16:24:23
455,4.814012,-75.713595,4.8087064,-75.7101852,15:59:41,16:01:07,16:26:07,16:23:41
456,4.811068,-75.691096,4.805936,-75.684234,16:00:00,15:23:27,16:23:27,16:30:00
457,4.808150123496,-75.726155790178,4.7953087,-75.74986,16:00:00,15:53:39,16:43:39,16:30:00
458,4.807083,-75.683778,4.847367,-75.66869,16:01:08,16:01:45,16:16:45,16:31:08
459,4.808464244395,-75.69000400056,4.7969956,-75.6940607,16:01:30,16:02:47,16:07:47,16:13:30
460,4.807270137697,-75.683676717468,4.8306968,-75.6874251,16:02:30,16:03:25,16:31:25,16:32:30
461,4.835954291269,-75.668849657568,4.832219995348,-75.682719983161,16:02:30,16:04:02,16:25:02,16:32:30
462,4.829109,-75.675917,4.8331453,-75.6675673,16:04:56,16:06:26,16:34:26,16:36:56
463,4.805772,-75.682735,4.800474884439,-75.690572485328,16:05:32,16:07:01,16:19:01,16:32:32
464,4.806747,-75.683759,4.80409,-75.68392,16:06:12,16:07:24,16:42:24,16:36:12
465,4.805732272204,-75.683520125166,4.812816,-75.713995,16:06:27,16:07:25,16:24:25,16:36:27
466,4.806687,-75.683304,4.807370006076,-75.68431455642,16:07:03,16:08:21,16:42:21,16:40:03
467,4.809249,-75.742135,4.8030859,-75.7521433,16:07:23,16:08:17,16:16:17,16:37:23
468,4.807083,-75.683778,4.80801,-75.671176,16:07:35,16:08:10,16:18:10,16:37:35
469,4.806692,-75.68465,4.8279439,-75.6889626,16:08:44,16:09:33,16:57:33,16:38:44
470,4.806217,-75.683348,4.8093669,-75.6806663,16:08:45,16:09:41,16:51:41,16:30:45
471,4.807176532428,-75.686493464071,4.801341,-75.714385,16:09:18,16:09:53,16:47:53,16:52:18
472,4.80727,-75.683549,4.804279,-75.685587,16:09:42,16:10:49,16:43:49,16:39:42
473,4.814063,-75.763696,4.8009991,-75.7881447,16:09:53,16:11:13,16:21:13,16:39:53
474,4.809250947241,-75.740641683189,4.808011124573,-75.743440320516,16:10:32,16:11:28,16:29:28,16:38:32
475,4.806794,-75.685447,4.8179697,-75.7015323,16:13:11,16:13:47,16:34:47,16:46:11
476,4.809192,-75.740626,4.803401260357,-75.746428146958,16:13:15,16:14:19,16:27:19,16:43:15
477,4.803890507545,-75.684975055156,4.798851,-75.690653,16:15:05,16:16:10,16:26:10,16:44:05
478,4.803890507545,-75.684975055156,4.808908,-75.697854,16:16:09,16:16:58,16:26:58,16:45:09
479,4.803224,-75.697282,4.7992614,-75.6840558,16:18:27,16:20:04,16:40:04,16:54:27
480,4.807176532428,-75.686493464071,4.804967,-75.683227,16:20:41,16:21:16,16:58:16,16:52:41
481,4.8288856501,-75.679165658,4.8279439,-75.6889626,16:20:57,16:22:25,16:42:25,16:50:57
482,4.803741,-75.684179,4.815472,-75.6929219,16:21:20,16:22:29,16:27:29,16:51:20
483,4.806147183346,-75.682348936176,4.8088658,-75.6872489,16:22:09,16:23:25,16:53:25,16:52:09
484,4.807083,-75.683778,4.8327022,-75.6691028,16:24:00,16:24:36,16:34:36,16:54:00
485,4.804508,-75.687265,4.8099131,-75.712071,16:24:34,16:25:30,17:01:30,17:01:34
486,4.806747,-75.683759,4.8006459,-75.691927,16:25:12,16:26:22,16:56:22,16:55:12
487,4.811142800301,-75.693285132632,4.816875991829,-75.705868117511,16:25:14,16:26:11,16:55:11,16:55:14
488,4.80727,-75.683549,4.8006459,-75.691927,16:27:04,16:28:14,17:01:14,16:57:04
489,4.811180692237,-75.693371086196,4.8152893,-75.6949129,16:29:37,16:30:46,16:43:46,16:52:37
490,4.806466369531,-75.684117169941,4.8039612,-75.6880642,16:31:08,16:32:36,16:53:36,17:01:08
491,4.806747,-75.683759,4.806473,-75.6855099,16:32:15,16:33:23,17:03:23,17:02:15
492,4.811143,-75.693125,4.80061,-75.693179,16:32:24,16:33:19,16:47:19,17:02:24
493,4.809182,-75.697816,4.8141638,-75.7123132,16:32:25,16:33:03,16:54:03,17:02:25
494,4.807618606746,-75.686319213261,4.807128120055,-75.699515976012,16:32:57,16:34:23,17:06:23,17:05:57
495,4.807145104825,-75.683708169312,4.803877,-75.684042,16:33:19,16:34:19,16:45:19,16:50:19
496,4.826706,-75.678862,4.8407485,-75.6593158,16:36:29,16:37:39,17:08:39,17:14:29
497,4.836153,-75.67159,4.8407485,-75.6593158,16:36:29,16:37:20,16:56:20,17:09:29
498,4.835755927857,-75.669493310128,4.8208787,-75.6744534,16:38:08,16:38:45,16:53:45,17:08:08
499,4.814771,-75.699171,4.81371781293,-75.704349651933,16:38:20,16:39:20,17:04:20,17:05:20
500,4.804508,-75.687265,4.799665025476,-75.691145472229,16:39:31,16:40:17,17:19:17,17:12:31
501,4.809304663618,-75.740495046627,4.794783466634,-75.741076134145,16:39:52,16:40:51,17:13:51,17:09:52
502,4.807270137697,-75.683676717468,4.812157260216,-75.66259637475,16:40:05,16:41:02,17:05:02,17:10:05
503,4.806747,-75.683759,4.8310336,-75.6756823,16:40:40,16:41:23,17:16:23,17:10:40
504,4.807227,-75.683495,4.8156119,-75.7053003,16:41:10,16:42:23,16:47:23,17:18:10
505,4.803890507545,-75.684975055156,4.829911,-75.696264,16:42:44,16:43:17,16:53:17,17:15:44
506,4.807227,-75.683495,4.8262783,-75.6753876,16:42:53,16:43:57,16:48:57,17:19:53
507,4.836153,-75.67159,4.8322567,-75.6888488,16:46:43,16:47:38,17:16:38,17:19:43
508,4.812135,-75.694512,4.812165,-75.6785572,16:47:14,16:47:50,16:57:50,16:47:14
509,4.808411,-75.689017,4.8158493,-75.6931326,16:48:35,16:49:31,17:11:31,17:18:35
510,4.823360598381,-75.689427176756,4.835292228864,-75.682053789496,16:51:25,16:52:22,17:19:22,17:21:25
511,4.829109,-75.675917,4.850323677063,-75.656951904297,16:52:20,16:53:43,17:16:43,17:24:20
512,4.81091897084,-75.693228311674,4.7994868,-75.6938599,16:53:35,16:54:10,17:19:10,17:27:35
513,4.809192,-75.740626,4.802072,-75.749426,16:56:37,16:58:12,17:20:12,17:26:37
514,4.811177849844,-75.691947067633,4.831592,-75.6813701,16:57:00,16:58:30,17:27:30,17:27:00
515,4.807006,-75.683774,4.8067009,-75.6856678,16:57:31,16:58:46,17:04:46,17:22:31
516,4.811143,-75.693125,4.8043293,-75.6991047,16:58:26,16:59:13,17:11:13,17:28:26
517,4.807250957538,-75.683752638623,4.7991317,-75.6834496,16:58:38,16:59:44,17:13:44,17:28:38
518,4.806747,-75.683759,4.801432,-75.683353,16:59:51,17:00:51,17:35:51,17:29:51
519,4.809498,-75.740748,4.807427470698,-75.747184194624,17:03:37,17:06:34,17:11:34,17:33:37
520,4.811204,-75.693312,4.804348095133,-75.709111914039,17:04:19,17:05:25,17:28:25,17:34:19
521,4.825958,-75.677483,4.836483,-75.692008,17:04:30,17:05:52,17:31:52,17:34:30
522,4.808348,-75.690389,4.8215286,-75.7025724,17:04:56,17:06:09,17:26:09,17:34:56
523,4.806488,-75.682238,4.8113877,-75.7008138,17:06:07,17:07:21,17:31:21,17:37:07
524,4.807062,-75.683784,4.8039275,-75.6950843,17:06:10,17:06:44,17:46:44,17:36:10
525,4.806687,-75.683304,4.797120511856,-75.690649934113,17:06:22,17:07:23,17:37:23,17:43:22
526,4.814012,-75.713595,4.8070338,-75.7136158,17:06:28,17:09:11,17:29:11,17:36:28
527,4.804632,-75.737965,4.786351203918,-75.729797363281,17:06:35,17:07:29,17:17:29,17:36:35
528,4.807227,-75.683495,4.814246,-75.698148,17:07:21,17:08:33,17:13:33,17:44:21
529,4.814161,-75.694233,4.821034620159,-75.703717876854,17:08:21,17:08:59,17:29:59,17:38:21
530,4.809304663618,-75.740495046627,4.8007515,-75.7377193,17:15:36,17:16:49,17:49:49,17:45:36
531,4.807934,-75.687068,4.804457,-75.698327,17:16:04,17:18:05,17:33:05,17:36:04
532,4.8091097,-75.7415858,4.807661,-75.7443698,17:17:30,17:18:32,17:33:32,17:47:30
533,4.806217,-75.683348,4.8092145,-75.6773114,17:19:49,17:20:44,17:35:44,17:45:49
534,4.807281,-75.68586,4.808669,-75.698215,17:20:41,17:21:40,17:36:40,17:50:41
535,4.806945,-75.683506,4.8065724,-75.6808161,17:22:06,17:23:02,17:34:02,17:52:06
536,4.808316,-75.681029,4.806952,-75.685204,17:22:51,17:30:29,17:40:29,17:57:51
537,4.811142800301,-75.693285132632,4.8139504,-75.6969322,17:23:38,17:24:38,17:33:38,17:53:38
538,4.806794,-75.685447,4.8192126,-75.6757184,17:24:57,17:25:34,17:46:34,18:02:57
539,4.806945,-75.683506,4.8192126,-75.6757184,17:24:57,17:25:59,17:36:59,17:54:57
540,4.811177849844,-75.691947067633,4.816360821788,-75.693655014038,17:28:28,17:30:11,17:55:11,17:58:28
541,4.807934,-75.687068,4.798182,-75.690737,17:35:05,17:37:21,17:52:21,17:55:05
542,4.803573,-75.832082,4.8130019,-75.8312332,17:35:15,17:35:50,17:50:50,18:05:15
543,4.808758125901,-75.689879783714,4.8389233,-75.6713182,17:38:06,17:38:42,17:49:42,18:08:06
544,4.80727,-75.683549,4.796565,-75.690517,17:42:01,17:43:05,18:08:05,18:12:01
545,4.807270137697,-75.683676717468,4.832698,-75.6818619,17:42:02,17:42:58,18:10:58,18:12:02
546,4.803741,-75.684179,4.8261222,-75.6907557,17:46:37,17:47:31,17:52:31,18:16:37
547,4.806217,-75.683348,4.8122792,-75.7062601,17:47:38,17:48:52,18:13:52,18:13:38
548,4.80724105296,-75.68353723677,4.842825422754,-75.669920817018,17:48:39,17:49:14,18:18:14,18:18:39
549,4.806747,-75.683759,4.792698,-75.6944411,17:48:44,17:49:53,18:24:53,18:18:44
550,4.813942,-75.694511,4.807418,-75.715864,17:49:38,17:50:44,18:00:44,18:19:38
551,4.809192,-75.740626,4.7903761,-75.7385513,17:50:50,17:52:12,18:14:12,18:20:50
552,4.806217,-75.683348,4.831660557347,-75.66892978019,17:51:05,17:51:59,18:28:59,18:35:05
553,4.806794,-75.685447,4.8217066,-75.6602615,17:52:19,17:52:56,18:13:56,18:33:19
554,4.829109,-75.675917,4.8171939,-75.6929226,17:52:29,17:53:41,18:21:41,18:24:29
555,4.806247596669,-75.684383338623,4.7983455,-75.6907166,17:53:03,17:54:17,18:34:17,18:23:03
556,4.808213,-75.687051,4.800782590501,-75.691634640098,17:53:10,17:54:32,18:19:32,18:27:10
557,4.804508,-75.687265,4.795184,-75.692308,17:53:11,17:54:13,18:33:13,18:30:11
558,4.811204,-75.693312,4.7983455,-75.6907166,17:54:54,17:55:48,18:19:48,18:24:54
559,4.811143,-75.693125,4.818025,-75.7012675,17:55:51,17:56:59,18:08:59,18:25:51
560,4.807270137697,-75.683676717468,4.827768,-75.6702447,17:56:09,17:57:04,18:20:04,18:26:09
561,4.807083,-75.683778,4.8388672,-75.6720311,17:56:15,17:56:52,18:06:52,18:26:15
562,4.806747,-75.683759,4.80501,-75.682687,17:56:59,17:57:57,18:19:57,18:26:59
563,4.806466369531,-75.684117169941,4.819748,-75.697295,17:58:13,18:00:42,18:21:42,18:28:13
564,4.806687,-75.683304,4.81638,-75.696454,18:00:05,18:01:35,18:45:35,18:37:05
565,4.806747,-75.683759,4.8030062,-75.6897493,18:00:15,18:01:25,18:36:25,18:30:15
566,4.808348,-75.690389,4.8353292,-75.6812606,18:01:13,18:02:05,18:22:05,18:31:13
567,4.812399,-75.77302,4.801344880372,-75.759700722992,18:01:24,18:01:57,18:31:57,18:31:24
568,4.804508,-75.687265,4.807178883806,-75.713694088075,18:02:39,18:03:53,18:37:53,18:39:39
569,4.803549,-75.684791,4.7994402,-75.684041,18:04:04,18:05:27,18:28:27,18:25:04
570,4.80727,-75.683549,4.807842,-75.685435,18:04:42,18:05:47,18:38:47,18:34:42
571,4.807270137697,-75.683676717468,4.79995736329,-75.69347396493,18:05:37,18:06:33,18:29:33,18:35:37
572,4.801843,-75.7275,4.7952561,-75.7127142,18:05:56,18:06:51,18:31:51,18:35:56
573,4.805336663781,-75.682980968578,4.804661,-75.683401,18:06:00,18:07:40,18:25:40,18:36:00
574,4.807982,-75.687071,4.804661,-75.683401,18:06:00,18:07:20,18:18:20,18:32:00
575,4.808758125901,-75.689879783714,4.8065828,-75.6846221,18:06:05,18:06:39,18:17:39,18:31:05
576,4.807016,-75.817815,4.8114527,-75.7972915,18:06:46,18:10:00,18:25:00,18:36:46
577,4.808884,-75.688854,4.8150248,-75.7037821,18:07:03,18:07:53,18:13:53,18:35:03
578,4.829109,-75.675917,4.8312643,-75.6782231,18:10:08,18:11:23,18:39:23,18:42:08
579,4.809304663618,-75.740495046627,4.80085776297,-75.750937275589,18:10:17,18:11:05,18:40:05,18:40:17
580,4.807062,-75.683784,4.8177726,-75.6759215,18:11:14,18:11:50,18:51:50,18:41:14
581,4.808758125901,-75.689879783714,4.809358212367,-75.715702772141,18:11:36,18:12:14,18:23:14,18:41:36
582,4.805868,-75.683569,4.796496075538,-75.678550824523,18:11:52,18:13:10,18:42:10,18:41:52
583,4.804508,-75.687265,4.797107147789,-75.696517601609,18:11:59,18:13:04,18:52:04,18:48:59
584,4.804508,-75.687265,4.8034225,-75.686627,18:14:19,18:15:28,18:49:28,18:47:19
585,4.809223,-75.741798,4.801122,-75.8365984,18:14:27,18:15:08,18:42:08,19:04:27
586,4.810833,-75.6935,4.816219834848,-75.692700482905,18:15:17,18:16:18,18:33:18,18:45:17
587,4.806217,-75.683348,4.836633570467,-75.678439512849,18:15:30,18:16:30,18:42:30,18:54:30
588,4.814771,-75.699171,4.808099,-75.7115185,18:16:08,18:17:36,18:42:36,18:45:08
589,4.807227,-75.683495,4.8043222,-75.685326,18:18:29,18:19:43,18:59:43,18:40:29
590,4.804508,-75.687265,4.8117323,-75.7110076,18:19:11,18:20:10,18:54:10,18:56:11
591,4.80727,-75.683549,4.8145988,-75.6883368,18:19:14,18:20:20,18:53:20,18:49:14
592,4.8263501,-75.6781826,4.821706610723,-75.660261511803,18:19:55,18:21:00,18:41:00,18:49:55
593,4.829109,-75.675917,4.821706610723,-75.660261511803,18:19:55,18:20:53,18:43:53,18:51:55
594,4.806147183346,-75.682348936176,4.803696269357,-75.690130591393,18:20:40,18:21:36,18:51:36,18:50:40
595,4.809223,-75.741798,4.8244129,-75.7330865,18:20:50,18:22:10,18:49:10,19:10:50
596,4.826726,-75.678943,4.8147985,-75.6943981,18:20:59,18:22:08,18:42:08,18:50:59
597,4.806466369531,-75.684117169941,4.827944,-75.688962,18:21:53,18:23:15,18:40:15,18:51:53
598,4.814012,-75.713595,4.8244129,-75.7330865,18:22:26,18:29:49,18:34:49,18:54:26
599,4.807270137697,-75.683676717468,4.8073027,-75.7151606,18:23:39,18:24:35,18:54:35,18:53:39
600,4.809498,-75.740748,4.808628,-75.754881,18:23:53,18:29:43,18:34:43,18:53:53
601,4.807176532428,-75.686493464071,4.812025,-75.6961235,18:24:11,18:24:45,19:02:45,18:56:11
602,4.804508,-75.687265,4.800714,-75.691775,18:24:23,18:25:41,19:04:41,18:57:23
603,4.835392293608,-75.669079329448,4.830154,-75.669481,18:24:34,18:29:52,18:50:52,18:54:34
604,4.807577597043,-75.721255728836,4.786351203918,-75.729797363281,18:24:50,18:26:21,18:46:21,18:54:50
605,4.829109,-75.675917,4.828301,-75.680808,18:25:15,18:26:05,18:54:05,18:57:15
606,4.808758125901,-75.689879783714,4.804975,-75.689271,18:25:38,18:26:17,18:37:17,18:50:38
607,4.806466369531,-75.684117169941,4.7987564,-75.6901307,18:25:55,18:27:33,18:44:33,18:55:55
608,4.807270137697,-75.683676717468,4.7967352,-75.6914392,18:26:06,18:26:59,18:52:59,18:56:06
609,4.811015991691,-75.691849440649,4.804322,-75.685326,18:27:33,18:30:36,18:54:36,18:57:33
610,4.807270137697,-75.683676717468,4.8006459,-75.691927,18:27:54,18:28:51,18:57:51,18:57:54
611,4.8065,-75.697369,4.80384,-75.70542,18:28:13,18:31:11,19:02:11,18:58:13
612,4.811204,-75.693312,4.800038934464,-75.693669050957,18:28:50,18:29:44,18:46:44,18:58:50
613,4.806794,-75.685447,4.845130565328,-75.67210379988,18:29:17,18:29:54,18:50:54,19:10:17
614,4.808758125901,-75.689879783714,4.81341,-75.717064,18:30:19,18:30:54,18:41:54,19:00:19
615,4.807577597043,-75.721255728836,4.8200625,-75.70537,18:30:34,18:32:05,18:52:05,19:00:34
616,4.803549,-75.684791,4.81674870277,-75.703824944794,18:30:41,18:31:52,18:54:52,19:02:41
617,4.807577597043,-75.721255728836,4.8228049,-75.7251431,18:30:56,18:32:26,18:52:26,19:00:56
618,4.805336663781,-75.682980968578,4.800121072411,-75.693011283875,18:31:18,18:32:21,19:02:21,19:01:18
619,4.807090989901,-75.683839832996,4.801219927107,-75.68466257304,18:33:05,18:34:39,18:49:39,19:03:05
620,4.807090989901,-75.683839832996,4.797555177998,-75.691080093384,18:33:24,18:34:50,18:54:50,19:03:24
621,4.80843733,-75.6873389,4.8128059,-75.704665,18:34:39,18:35:28,18:42:28,19:04:39
622,4.806794,-75.685447,4.795875,-75.696136,18:36:37,18:37:14,18:58:14,19:09:37
623,4.80724105296,-75.68353723677,4.8307597,-75.6698209,18:36:42,18:37:18,19:05:18,19:06:42
624,4.805868,-75.683569,4.790941,-75.692497,18:37:19,18:38:19,19:05:19,19:07:19
625,4.807577597043,-75.721255728836,4.8068641,-75.6993395,18:38:14,18:39:56,19:09:56,19:08:14
626,4.80727,-75.683549,4.790941,-75.692497,18:39:02,18:40:08,19:13:08,19:09:02
627,4.807176532428,-75.686493464071,4.8224022,-75.6870065,18:39:02,18:39:34,19:16:34,19:11:02
628,4.807577597043,-75.721255728836,4.818320604052,-75.738031491637,18:39:33,18:41:02,19:06:02,19:09:33
629,4.809498,-75.740748,4.804126253934,-75.762932114303,18:40:01,18:42:41,18:57:41,19:10:01
630,4.807689359688,-75.721185578049,4.8250922,-75.7298805,18:40:23,18:41:20,18:56:20,19:10:23
631,4.808294,-75.68689,4.8228743,-75.6832775,18:40:46,18:41:58,19:06:58,19:11:46
632,4.807176532428,-75.686493464071,4.795745,-75.695654,18:41:11,18:41:46,19:19:46,19:13:11
633,4.806687,-75.683304,4.809394962891,-75.742954015732,18:42:17,18:43:34,19:12:34,19:19:17
634,4.809174,-75.691039,4.7922914,-75.6947735,18:42:21,18:43:22,19:08:22,19:12:21
635,4.806147183346,-75.682348936176,4.7922914,-75.6947735,18:42:21,18:43:10,19:18:10,19:12:21
636,4.804632,-75.737965,4.807712,-75.743394,18:43:18,18:45:00,18:55:00,19:13:18
637,4.792196,-75.710936,4.789476890951,-75.708259306848,18:44:22,18:44:58,19:05:58,19:14:22
638,4.808729,-75.68055,4.805994,-75.699074,18:44:40,18:45:33,19:30:33,19:09:40
639,4.80844,-75.686976,4.8036012,-75.6904424,18:44:47,18:45:55,19:43:55,19:08:47
640,4.803741,-75.684179,4.809394962891,-75.742954015732,18:47:29,18:48:38,18:53:38,19:17:29
641,4.80727,-75.683549,4.807155181893,-75.688018351793,18:47:47,18:48:53,19:21:53,19:17:47
642,4.814039,-75.76385,4.7933202,-75.7474999,18:47:59,18:48:35,19:09:35,19:15:59
643,4.829109,-75.675917,4.829187046923,-75.665474923266,18:48:14,18:49:17,19:19:17,19:20:14
644,4.809302,-75.740562,4.7972725,-75.7705751,18:49:20,18:49:54,19:01:54,19:19:20
645,4.809250947241,-75.740641683189,4.822779705714,-75.724562779069,18:49:40,18:50:34,19:16:34,19:28:40
646,4.805868,-75.683569,4.8077365,-75.6878798,18:51:11,18:52:10,19:21:10,19:21:11
647,4.807176532428,-75.686493464071,4.826122,-75.690756,18:51:25,18:52:00,19:30:00,19:34:25
648,4.808758125901,-75.689879783714,4.806590558134,-75.689323246479,18:51:54,18:52:31,19:03:31,19:14:54
649,4.800826,-75.742917,4.788124430901,-75.724195316434,18:51:59,18:53:29,19:26:29,19:27:59
650,4.815202,-75.707602,4.8128146,-75.7171538,18:52:24,18:54:33,19:14:33,19:22:24
651,4.809182,-75.697816,4.8192545,-75.714697,18:53:26,18:54:02,19:15:02,19:23:26
652,4.807618606746,-75.686319213261,4.792249,-75.693967,18:54:32,18:55:38,19:22:38,19:27:32
653,4.807270137697,-75.683676717468,4.8007375,-75.6920289,18:55:27,18:56:27,19:20:27,19:25:27
654,4.806466369531,-75.684117169941,4.804322,-75.685326,18:55:53,18:57:05,19:16:05,19:25:53
655,4.806692,-75.68465,4.8090978,-75.6910558,18:56:16,18:57:39,19:37:39,19:26:16
656,4.817668,-75.679895,4.8217066,-75.6602615,18:56:49,18:58:08,19:17:08,19:27:49
657,4.808566,-75.690795,4.8368704,-75.6684283,18:57:00,18:58:20,19:13:20,19:23:00
658,4.808213,-75.687051,4.8128146,-75.7171538,18:57:09,18:58:33,19:23:33,19:34:09
659,4.807388,-75.683625,4.8007992,-75.6854838,18:57:36,18:58:12,19:29:12,19:27:36
660,4.807176532428,-75.686493464071,4.806342,-75.68867,19:00:19,19:00:55,19:37:55,19:32:19
661,4.807145104825,-75.683708169312,4.801949934493,-75.706164501607,19:00:25,19:01:27,19:22:27,19:25:25
662,4.792196,-75.710936,4.793233561897,-75.714255720377,19:00:39,19:01:13,19:20:13,19:30:39
663,4.803530226541,-75.697107759772,4.813791647598,-75.701927281916,19:01:23,19:02:19,19:22:19,19:27:23
664,4.812972151945,-75.775106959952,4.8078441,-75.7850511,19:01:53,19:03:29,19:59:29,19:43:53
666,4.805732272204,-75.683520125166,4.801573,-75.687606,19:02:12,19:03:06,19:30:06,19:32:12
665,4.812972151945,-75.775106959952,4.7946452,-75.7720212,19:02:12,19:03:53,20:03:53,19:44:12
667,4.807577597043,-75.721255728836,4.7959185,-75.7384483,19:02:21,19:03:42,19:30:42,19:32:21
668,4.799854,-75.760108,4.7986897,-75.7282706,19:02:42,19:04:06,19:34:06,19:32:42
669,4.803530226541,-75.697107759772,4.809529,-75.6738954,19:02:56,19:04:10,19:29:10,19:28:56
670,4.812592,-75.773236,4.819679,-75.810079,19:03:50,19:05:18,19:42:18,19:45:50
671,4.808213,-75.687051,4.806191312058,-75.688776746392,19:04:13,19:05:33,19:30:33,19:34:13
672,4.809250947241,-75.740641683189,4.811535510429,-75.72191208601,19:04:33,19:05:30,19:30:30,19:32:33
673,4.823360598381,-75.689427176756,4.8510253,-75.6609454,19:05:05,19:06:26,19:33:26,19:35:05
674,4.807176532428,-75.686493464071,4.8039038,-75.6842183,19:05:28,19:06:03,19:44:03,19:37:28
675,4.808977771567,-75.740503187777,4.804282,-75.7167948,19:05:41,19:06:14,19:31:14,19:35:41
676,4.808901,-75.682222,4.809206,-75.678928,19:06:15,19:09:47,19:49:47,19:36:15
677,4.807176532428,-75.686493464071,4.807480010406,-75.713254297268,19:06:29,19:07:06,19:46:06,19:49:29
678,4.826706,-75.678862,4.82581122331,-75.683359690011,19:06:59,19:07:51,19:43:51,19:39:59
679,4.806792,-75.721592,4.8037094,-75.7164327,19:07:02,19:08:14,19:28:14,19:29:02
680,4.803530226541,-75.697107759772,4.8037094,-75.7164327,19:07:02,19:08:29,19:38:29,19:33:02
681,4.800826,-75.742917,4.793696629298,-75.747192576528,19:07:05,19:07:54,19:38:54,19:37:05
682,4.808348,-75.690389,4.8279778,-75.695967,19:07:26,19:08:36,19:28:36,19:37:26
683,4.809250947241,-75.740641683189,4.798895,-75.75114,19:07:42,19:08:36,19:29:36,19:35:42
684,4.826706,-75.678862,4.834612,-75.665622,19:08:23,19:09:04,19:45:04,19:46:23
685,4.81695,-75.693998,4.8259841,-75.7275064,19:08:55,19:10:05,19:35:05,20:04:55
686,4.809192,-75.740626,4.804526169416,-75.717690959573,19:09:45,19:11:08,19:31:08,19:39:45
687,4.808566,-75.690795,4.8216081,-75.7048986,19:10:04,19:10:53,19:16:53,19:36:04
688,4.80636,-75.682371,4.8203422,-75.6792783,19:11:01,19:11:52,19:51:52,19:41:01
689,4.807176532428,-75.686493464071,4.809206,-75.678928,19:11:09,19:11:44,19:48:44,19:43:09
690,4.829109,-75.675917,4.8361667,-75.6709694,19:11:28,19:12:40,19:40:40,19:43:28
691,4.829109,-75.675917,4.834234,-75.681324,19:11:56,19:12:53,19:40:53,19:43:56
692,4.809192,-75.740626,4.798895,-75.75114,19:11:59,19:13:13,19:36:13,19:41:59
693,4.807270137697,-75.683676717468,4.813362671405,-75.690274089575,19:12:33,19:13:29,19:36:29,19:42:33
694,4.809250947241,-75.740641683189,4.807226344499,-75.739654563367,19:12:37,19:13:32,19:38:32,19:40:37
695,4.808948,-75.681425,4.817545511844,-75.696787498891,19:12:40,19:13:47,19:38:47,19:43:40
696,4.808758125901,-75.689879783714,4.8020108,-75.7064881,19:12:44,19:13:20,19:24:20,19:42:44
697,4.808758125901,-75.689879783714,4.838933054758,-75.67263957113,19:13:28,19:14:03,19:25:03,19:43:28
698,4.806944,-75.747842,4.802467,-75.729148,19:14:25,19:15:21,19:41:21,19:45:25
699,4.812592,-75.773236,4.8173249,-75.7994743,19:15:10,19:16:48,19:53:48,19:57:10
700,4.803530226541,-75.697107759772,4.788986,-75.709112,19:15:11,19:16:41,20:01:41,19:41:11
701,4.803611701003,-75.697139910698,4.788986,-75.709112,19:15:11,19:16:21,19:56:21,20:30:11
702,4.809302,-75.740562,4.8069388,-75.7577806,19:15:21,19:15:57,19:27:57,19:45:21
703,4.807176532428,-75.686493464071,4.827777,-75.669375,19:15:45,19:16:22,19:54:22,19:58:45
704,4.807577597043,-75.721255728836,4.79090655,-75.70892295,19:16:18,19:17:50,19:41:50,19:46:18
705,4.826706,-75.678862,4.8425745,-75.669016,19:16:32,19:17:19,20:03:19,19:54:32
706,4.806466369531,-75.684117169941,4.838289,-75.669652,19:16:36,19:17:41,19:37:41,19:46:36
707,4.808294,-75.68689,4.8213598,-75.6791698,19:16:58,19:18:02,19:43:02,19:47:58
708,4.812592,-75.773236,4.819967,-75.796233,19:18:12,19:19:35,19:56:35,20:00:12
709,4.809304663618,-75.740495046627,4.807440500466,-75.744983442128,19:18:16,19:19:12,19:48:12,19:48:16
710,4.809250947241,-75.740641683189,4.798681549752,-75.773392164885,19:18:32,19:19:27,19:40:27,19:57:32
711,4.802243,-75.747682,4.80639511134,-75.747224763036,19:19:10,19:20:20,19:55:20,19:49:10
712,4.807281,-75.68586,4.8171939,-75.6929226,19:20:07,19:21:13,19:46:13,19:50:07
713,4.835392293608,-75.669079329448,4.8330839,-75.6653572,19:20:16,19:21:41,19:35:41,19:50:16
714,4.810833,-75.6935,4.81341,-75.717064,19:20:37,19:21:46,19:39:46,19:50:37
715,4.809192,-75.740626,4.80675,-75.757691,19:21:15,19:25:50,19:48:50,19:51:15
716,4.806466369531,-75.684117169941,4.805198,-75.683107,19:22:48,19:26:04,19:44:04,19:52:48
717,4.808758125901,-75.689879783714,4.8037077,-75.6815383,19:24:02,19:24:38,19:35:38,19:50:02
718,4.829109,-75.675917,4.840204,-75.666717,19:24:31,19:25:29,19:53:29,19:56:31
719,4.806182,-75.688802,4.80512,-75.6833483,19:26:03,19:27:15,19:47:15,19:47:03
720,4.806692,-75.68465,4.827577,-75.6698915,19:26:36,19:28:01,20:11:01,19:56:36
721,4.808758125901,-75.689879783714,4.812612296509,-75.712321177125,19:27:22,19:28:01,19:39:01,19:57:22
722,4.800826,-75.742917,4.7937238,-75.7736855,19:30:59,19:32:52,20:05:52,20:06:59
723,4.81091897084,-75.693228311674,4.821661,-75.7320105,19:31:55,19:32:32,19:53:32,20:01:55
724,4.807227,-75.683495,4.800782590501,-75.691634640098,19:32:44,19:34:30,20:14:30,19:54:44
725,4.803530226541,-75.697107759772,4.8066341,-75.7340514,19:33:10,19:34:50,19:59:50,20:21:10
726,4.80844,-75.686976,4.803995950027,-75.688556568973,19:33:53,19:35:04,20:23:04,19:57:53
727,4.802243,-75.747682,4.8117666,-75.7326062,19:33:59,19:35:05,20:10:05,20:03:59
728,4.809192,-75.740626,4.8117666,-75.7326062,19:33:59,19:35:11,20:03:11,20:03:59
729,4.809182,-75.697816,4.8078316,-75.7119676,19:37:24,19:38:01,19:59:01,20:07:24
730,4.812972151945,-75.775106959952,4.826023767294,-75.797404648767,19:37:28,19:41:15,20:31:15,20:19:28
731,4.806794,-75.685447,4.792798621404,-75.695016110874,19:38:07,19:38:42,19:59:42,20:11:07
732,4.813942,-75.694511,4.819482,-75.700478,19:40:57,19:41:48,19:51:48,20:10:57
733,4.807270137697,-75.683676717468,4.7964621,-75.6977357,19:41:36,19:42:31,20:10:31,20:11:36
734,4.800826,-75.742917,4.784189,-75.7252948,19:41:45,19:42:57,20:14:57,20:17:45
735,4.809304663618,-75.740495046627,4.811901009836,-75.73948726058,19:41:50,19:42:47,20:16:47,20:11:50
736,4.806747,-75.683759,4.8299632,-75.6691906,19:42:03,19:43:00,20:08:00,20:12:03
737,4.80844,-75.686976,4.804493,-75.689565,19:42:24,19:43:37,20:16:37,20:06:24
738,4.807270137697,-75.683676717468,4.8192126,-75.6757184,19:43:28,19:44:21,20:12:21,20:13:28
739,4.81695,-75.693998,4.8126964,-75.7022806,19:43:36,19:44:30,20:14:30,20:12:36
740,4.807176532428,-75.686493464071,4.8184489,-75.6701324,19:43:54,19:44:28,20:22:28,20:26:54
741,4.80494,-75.694313,4.813816,-75.71876,19:44:19,19:45:19,20:55:19,20:14:19
742,4.806147183346,-75.682348936176,4.8038221,-75.6860398,19:44:57,19:46:06,20:31:06,20:14:57
743,4.806944,-75.747842,4.8000365,-75.7600834,19:48:08,19:49:18,20:06:18,20:19:08
744,4.807578,-75.687036,4.841765094966,-75.672680139868,19:48:25,19:50:04,20:20:04,20:18:25
745,4.806747,-75.683759,4.804267,-75.685589,19:48:34,19:49:33,20:19:33,20:18:34
746,4.806687,-75.683304,4.8133614,-75.6997612,19:49:07,19:50:17,20:39:17,20:26:07
747,4.804508,-75.687265,4.811393,-75.70909,19:50:04,19:51:51,20:24:51,20:27:04
748,4.813942,-75.694511,4.811393,-75.70909,19:50:04,19:51:07,20:01:07,20:20:04
749,4.806466369531,-75.684117169941,4.8312679,-75.6873086,19:50:56,19:52:14,20:10:14,20:20:56
750,4.808213,-75.687051,4.810783,-75.690039,19:52:31,19:53:26,20:18:26,20:26:31
751,4.804508,-75.687265,4.8024578,-75.6975304,19:52:33,19:53:46,20:21:46,20:29:33
752,4.807176532428,-75.686493464071,4.800386,-75.68877,19:53:05,19:53:43,20:31:43,20:25:05
753,4.803549,-75.684791,4.804222474222,-75.684248507023,19:53:22,19:54:43,20:17:43,20:14:22
754,4.829109,-75.675917,4.8438086,-75.6713736,19:54:13,19:55:28,20:25:28,20:26:13
755,4.806105484481,-75.684137071411,4.8007375,-75.6920289,19:56:33,19:58:48,20:26:48,20:33:33
756,4.836153,-75.67159,4.8423067,-75.6745624,19:57:57,19:59:02,20:33:02,20:30:57
757,4.82754,-75.679893,4.821886,-75.686424,20:01:10,20:08:25,20:13:25,20:31:10
758,4.806147183346,-75.682348936176,4.800142788924,-75.708041042089,20:01:22,20:02:07,20:37:07,20:31:22
759,4.80654,-75.737671,4.8038877,-75.7376835,20:01:56,20:02:53,20:32:53,20:31:56
760,4.807281,-75.68586,4.8221072,-75.6812632,20:02:32,20:03:34,20:28:34,20:32:32
761,4.803549,-75.684791,4.812286,-75.700061,20:03:14,20:04:01,20:27:01,20:33:14
762,4.808348,-75.690389,4.826771,-75.683171,20:03:39,20:04:24,20:29:24,20:33:39
763,4.808213,-75.687051,4.813911132634,-75.720319484213,20:03:47,20:04:49,20:29:49,20:41:47
764,4.806466369531,-75.684117169941,4.8369483,-75.6740974,20:04:39,20:06:04,20:26:04,20:34:39
765,4.809250947241,-75.740641683189,4.8129399,-75.7137196,20:05:00,20:05:53,20:28:53,20:33:00
766,4.807689359688,-75.721185578049,4.7990922,-75.7337407,20:08:38,20:09:48,20:19:48,20:38:38
767,4.811257,-75.693155,4.8271285,-75.6889021,20:11:40,20:13:25,20:30:25,20:41:40
768,4.807444448887,-75.684804286161,4.7963484,-75.6953459,20:13:21,20:14:03,20:24:03,20:43:21
769,4.809182,-75.697816,4.8063213,-75.6942163,20:15:12,20:15:44,20:36:44,20:45:12
770,4.809302,-75.740562,4.8042034,-75.7411678,20:17:08,20:17:45,20:29:45,20:47:08
771,4.80727,-75.683549,4.802732,-75.684332,20:18:14,20:19:19,20:43:19,20:48:14
772,4.807988,-75.698245,4.8109807,-75.6951919,20:19:20,20:21:41,21:00:41,20:49:20
773,4.809192,-75.740626,4.785647,-75.7348561,20:20:35,20:22:58,20:45:58,20:50:35
774,4.823360598381,-75.689427176756,4.8508454,-75.6605309,20:21:23,20:22:21,20:44:21,20:51:23
775,4.806687,-75.683304,4.8075771,-75.7022327,20:21:46,20:22:52,20:51:52,20:58:46
776,4.804508,-75.687265,4.8009852,-75.6919443,20:22:07,20:23:03,21:09:03,20:55:07
777,4.823360598381,-75.689427176756,4.8289029,-75.6743874,20:22:34,20:23:20,20:50:20,20:52:34
778,4.826652741313,-75.677616714294,4.832495,-75.6837572,20:24:23,20:25:26,20:40:26,20:54:23
779,4.806147183346,-75.682348936176,4.802922162796,-75.68902015686,20:25:53,20:26:39,21:06:39,20:55:53
780,4.805732272204,-75.683520125166,4.7914373,-75.7084772,20:26:59,20:28:07,20:51:07,20:26:59
781,4.826706,-75.678862,4.827301,-75.6700905,20:27:03,20:28:10,21:09:10,21:00:03
782,4.805868,-75.683569,4.8290485,-75.6761593,20:30:12,20:31:11,21:01:11,21:00:12
783,4.806794,-75.685447,4.817694,-75.700634,20:30:23,20:31:01,20:57:01,21:03:23
784,4.806147183346,-75.682348936176,4.829073914906,-75.683224573731,20:30:41,20:31:46,21:06:46,21:00:41
785,4.807281,-75.68586,4.812711,-75.693555,20:31:36,20:32:40,20:52:40,21:01:36
786,4.807281,-75.68586,4.8080049,-75.6858768,20:33:55,20:35:08,20:55:08,21:03:55
787,4.812972151945,-75.775106959952,4.8065165,-75.7644448,20:35:12,20:36:25,21:31:25,21:07:12
788,4.806794,-75.685447,4.8230191,-75.6744539,20:35:49,20:36:26,20:58:26,21:13:49
789,4.814286,-75.694137,4.794329,-75.6921909,20:40:16,20:41:16,20:57:16,21:10:16
790,4.808977771567,-75.740503187777,4.807021,-75.744866,20:40:58,20:41:36,21:01:36,21:10:58
791,4.805616,-75.748077,4.806300895942,-75.748352967203,20:41:37,20:42:31,21:22:31,21:11:37
792,4.80654,-75.737671,4.8108683,-75.7592337,20:46:10,20:47:03,21:17:03,21:16:10
793,4.807444448887,-75.684804286161,4.8088113,-75.6741729,20:47:05,20:48:03,20:58:03,21:17:05
794,4.808901,-75.682222,4.804000298884,-75.698656663299,20:47:48,20:52:52,21:32:52,21:17:48
795,4.806794,-75.685447,4.8038616,-75.6851926,20:49:44,20:50:20,21:12:20,21:14:44
796,4.800826,-75.742917,4.802507,-75.755039,20:50:34,20:52:12,21:19:12,21:26:34
797,4.823360598381,-75.689427176756,4.828796289394,-75.666077211499,20:51:35,20:52:44,21:14:44,21:21:35
798,4.826706,-75.678862,4.834417933293,-75.683905519545,20:53:02,20:54:15,21:45:15,21:26:02
799,4.803549,-75.684791,4.817377,-75.6760069,20:55:08,20:56:06,21:19:06,21:27:08
800,4.807444448887,-75.684804286161,4.8075965,-75.7013401,20:56:09,20:57:03,21:07:03,21:26:09
801,4.803530226541,-75.697107759772,4.79889492355,-75.710494928062,20:56:23,20:57:58,21:27:58,21:22:23
802,4.806794,-75.685447,4.7978563,-75.6907782,20:57:17,20:57:52,21:20:52,21:28:17
803,4.807577597043,-75.721255728836,4.8010432,-75.7165253,21:00:53,21:02:14,21:22:14,21:30:53
804,4.805732272204,-75.683520125166,4.8045884,-75.685698,21:04:51,21:05:57,21:28:57,21:34:51
805,4.806217,-75.683348,4.816368,-75.68901,21:05:03,21:06:14,21:36:14,21:31:03
806,4.812972151945,-75.775106959952,4.8098229,-75.7741568,21:06:48,21:08:11,21:37:11,21:48:48
807,4.808348,-75.690389,4.826062791221,-75.690455138683,21:08:38,21:10:05,21:30:05,21:38:38
808,4.80654,-75.737671,4.797369,-75.753354,21:09:32,21:10:38,21:40:38,21:39:32
809,4.806217,-75.683348,4.816596356778,-75.688501149416,21:10:36,21:11:46,21:36:46,21:36:36
810,4.811934761046,-75.704789615327,4.7973062,-75.6985672,21:10:37,21:12:26,21:29:26,21:39:37
811,4.806794,-75.685447,4.826470377812,-75.680343881249,21:11:02,21:11:38,21:33:38,21:44:02
812,4.808952,-75.681521,4.813180590306,-75.705967694521,21:11:37,21:12:52,21:45:52,21:52:37
813,4.827353,-75.67956,4.801223,-75.684854,21:12:36,21:13:28,21:28:28,21:42:36
814,4.800826,-75.742917,4.8055388,-75.7453677,21:15:24,21:16:47,21:44:47,21:45:24
815,4.826706,-75.678862,4.834612,-75.665622,21:16:59,21:18:07,21:48:07,21:54:59
816,4.826105384696,-75.68348993006,4.8138768,-75.6732984,21:17:11,21:18:16,21:45:16,21:54:11
817,4.808901,-75.682222,4.8096545,-75.6803392,21:17:44,21:18:56,21:53:56,21:47:44
818,4.806794,-75.685447,4.800914894041,-75.692336373031,21:18:11,21:18:47,21:43:47,21:48:11
819,4.806147183346,-75.682348936176,4.8299108,-75.6962645,21:19:13,21:20:11,22:00:11,21:49:13
820,4.807281,-75.68586,4.836483,-75.692008,21:22:22,21:23:34,21:38:34,21:52:22
821,4.803549,-75.684791,4.807419,-75.68104,21:22:25,21:23:31,21:41:31,21:52:25
822,4.813064,-75.686794,4.8235254,-75.6781851,21:22:28,21:24:08,21:54:08,21:52:28
823,4.80727,-75.683549,4.801940913812,-75.686709098518,21:23:14,21:24:22,21:57:22,21:53:14
824,4.806247596669,-75.684383338623,4.808457823915,-75.678280591965,21:25:15,21:26:05,22:06:05,21:55:15
825,4.806147183346,-75.682348936176,4.809458441063,-75.691136419773,21:26:40,21:27:36,22:07:36,21:56:40
826,4.8065,-75.697369,4.8164568,-75.7121541,21:27:14,21:28:23,21:50:23,21:57:14
827,4.807281,-75.68586,4.810638465807,-75.709361024201,21:28:50,21:30:14,21:45:14,21:58:50
828,4.829109,-75.675917,4.8290867,-75.6667491,21:29:15,21:30:12,21:53:12,22:01:15
829,4.811934761046,-75.704789615327,4.8279439,-75.6889626,21:31:26,21:33:45,21:48:45,22:00:26
830,4.806217,-75.683348,4.8139858,-75.7043865,21:36:35,21:37:49,21:52:49,22:02:35
831,4.808901,-75.682222,4.7938527,-75.6959087,21:39:18,21:40:24,22:10:24,22:09:18
832,4.807281,-75.68586,4.822507,-75.675247,21:39:20,21:40:37,21:53:37,22:09:20
833,4.800826,-75.742917,4.8055388,-75.7453677,21:39:31,21:40:37,22:10:37,22:09:31
834,4.807618606746,-75.686319213261,4.805128,-75.683441,21:40:38,21:41:48,22:02:48,22:06:38
835,4.803895,-75.69625,4.795786767227,-75.720454276836,21:41:09,21:42:03,22:07:03,22:11:09
836,4.808952,-75.681521,4.8137698,-75.6917656,21:41:51,21:43:11,22:26:11,22:13:51
837,4.807281,-75.68586,4.8137698,-75.6917656,21:41:51,21:43:11,21:58:11,22:11:51
838,4.80727,-75.683549,4.8029906,-75.6678972,21:42:28,21:43:38,22:06:38,22:12:28
839,4.811235,-75.738091,4.8090203,-75.7626268,21:42:51,21:44:02,21:49:02,22:12:51
840,4.808773,-75.683006,4.807938972441,-75.703420937061,21:49:29,21:50:34,22:15:34,22:19:29
841,4.811934761046,-75.704789615327,4.796186,-75.6911672,21:55:18,21:56:48,22:11:48,22:24:18
842,4.800826,-75.742917,4.8027047,-75.7508568,22:00:06,22:01:33,22:31:33,22:30:06
843,4.803530226541,-75.697107759772,4.8022243,-75.6969087,22:03:32,22:05:05,22:40:05,22:27:32
844,4.805323,-75.696942,4.8010098,-75.6857039,22:05:31,22:08:03,22:23:03,22:29:31
845,4.806147183346,-75.682348936176,4.804798,-75.683403,22:25:12,22:26:06,22:56:06,22:55:12
846,4.806147183346,-75.682348936176,4.822419223495,-75.678553506732,22:34:31,22:35:37,23:05:37,23:04:31
847,4.806147183346,-75.682348936176,4.804279,-75.685587,22:37:31,22:38:37,23:13:37,23:07:31
848,4.803434,-75.746433,4.8016326,-75.7413604,22:53:56,22:54:55,22:59:55,23:23:56
849,4.807988,-75.698245,4.8016709,-75.7071877,23:04:23,23:05:37,23:49:37,23:34:23
850,4.817668,-75.679895,4.8263737,-75.6797851,23:27:40,23:28:48,23:47:48,23:44:40
